Avis,Ordre,Description,Poste technique,Désignation du poste technique,Poste travail princ.,Divis. planification,Groupe gestionnaires,Statut système,Statut utilisateur,Type de travail,Type d'avis,Priorité,Texte de la priorité,Type de priorité,Auteur de l'avis,Créé par,Créé le,Créé à,Date de l'avis,Heure de l'avis,Modifié par,Date de modification,Heure modification,Début souhaité,Heure début souhaitée,Date de la clôture,Heure de clôture,Zone de tri,Centre de coûts,Pompe
13497563,4002591484.0,OMS_MESURE VIBRATOIRE PALIERS,SF01-UT-FDEM-BASSIN-0IP01A,MOTOPOMPE EAU MER VERS CENTRALE IPO1A MC,SF1-MCU,SF01,GM4,AENC OAFF,,290.0,ZP,,,P1,,FATHELLAH,2026-08-29,15:27:06,2026-08-29 00:00:00,15:27:06,,,00:00:00,2026-09-11 00:00:00,00:00:00,,00:00:00,S-PC-P924 IP 01A,SF01PEAUMR,1
13497561,4002591482.0,LUBRIFICATION DES PALIERS,SF01-UT-FDEM-BASSIN-0IP01A,MOTOPOMPE EAU MER VERS CENTRALE IPO1A MC,SF1-MCU,SF01,GM4,AENC OAFF,,350.0,ZP,,,P1,,FATHELLAH,2026-08-29,15:27:06,2026-08-29 00:00:00,15:27:06,,,00:00:00,2026-09-12 00:00:00,00:00:00,,00:00:00,S-PC-P924 IP 01A,SF01PEAUMR,1
13152732,4002285769.0,Préventif systématique,SF01-UT-FDEM-BASSIN-0IP01A-CRSV-924VT670,CAPTEUR DE VIBRATION DE LA POMPE IP01 A,SF1-RCU,SF01,GM0,AENC OAFF,,360.0,ZP,,,P1,,BENMOUSSA1,2026-07-10,14:40:45,2026-07-10 00:00:00,14:40:45,,,00:00:00,2026-10-19 00:00:00,00:00:00,,00:00:00,S-PC-924 VT 670 AE,SF01PEAUMR,1
13434269,4002532348.0,préventif (3 mois) moteur MT,SF01-UT-FDEM-BASSIN-0IP01A-GMOT-0MOTEUR,MOTEUR ELECTRIQUE MT,SF1-ECU,SF01,GM7,AENC OAFF,,360.0,ZP,,,P1,,BENMOUSSA1,2026-08-19,08:03:35,2026-08-19 00:00:00,08:03:35,,,00:00:00,2026-11-29 00:00:00,00:00:00,,00:00:00,S-PC-924IP01A-M,SF01PEAUMR,1
13152417,4002285347.0,préventif (3 mois) moteur MT,SF01-UT-FDEM-BASSIN-0IP01A-GMOT-0MOTEUR,MOTEUR ELECTRIQUE MT,SF1-ECU,SF01,GM7,AENC OAFF,,360.0,ZP,,,P1,,BENMOUSSA1,2026-07-10,14:40:32,2026-07-10 00:00:00,14:40:32,,,00:00:00,2026-10-19 00:00:00,00:00:00,,00:00:00,S-PC-924IP01A-M,SF01PEAUMR,1
11922052,4001059854.0,préventif (6 mois) moteur MT,SF01-UT-FDEM-BASSIN-0IP01A-GMOT-0MOTEUR,MOTEUR ELECTRIQUE MT,SF1-ECU,SF01,GM7,AENC OAFF,,360.0,ZP,3.0,Dans un mois,P1,,BENMOUSSA1,2026-01-12,16:14:02,2026-01-12 00:00:00,16:14:02,BENMOUSSA1,2026-08-27 00:00:00,17:02:12,2026-08-27 00:00:00,17:02:12,,00:00:00,S-PC-924IP01A-M,SF01PEAUMR,1
11739988,4000023772.0,préventif (6 mois) moteur MT,SF01-UT-FDEM-BASSIN-0IP01A-GMOT-0MOTEUR,MOTEUR ELECTRIQUE MT,SF1-ECU,SF01,GM7,AENC OAFF,,360.0,ZP,,,P1,,LABIBI,2025-12-18,10:21:51,2025-12-18 00:00:00,10:21:49,,,00:00:00,2025-11-30 00:00:00,00:00:00,,00:00:00,S-PC-924IP01A-M,SF01PEAUMR,1
13152578,4002285559.0,préventif (1 an) moteur MT,SF01-UT-FDEM-BASSIN-0IP01A-GMOT-0MOTEUR,MOTEUR ELECTRIQUE MT,SF1-ECU,SF01,GM7,AENC OAFF,,360.0,ZP,,,P1,,BENMOUSSA1,2026-07-10,14:40:39,2026-07-10 00:00:00,14:40:39,,,00:00:00,2027-07-19 00:00:00,00:00:00,,00:00:00,S-PC-924IP01A-M,SF01PEAUMR,1
12807880,4001952757.0,préventif (1 an) moteur MT,SF01-UT-FDEM-BASSIN-0IP01A-GMOT-0MOTEUR,MOTEUR ELECTRIQUE MT,SF1-ECU,SF01,GM7,AENC OAFF,,360.0,ZP,,,P1,,BENMOUSSA1,2026-05-25,09:52:09,2026-05-25 00:00:00,09:52:09,,,00:00:00,2027-05-30 00:00:00,00:00:00,,00:00:00,S-PC-924IP01A-M,SF01PEAUMR,1
13152427,4002285358.0,préventif (6 mois) moteur MT,SF01-UT-FDEM-BASSIN-0IP01A-GMOT-0MOTEUR,MOTEUR ELECTRIQUE MT,SF1-ECU,SF01,GM7,AENC OAFF,,360.0,ZP,,,P1,,BENMOUSSA1,2026-07-10,14:40:32,2026-07-10 00:00:00,14:40:32,,,00:00:00,2027-01-18 00:00:00,00:00:00,,00:00:00,S-PC-924IP01A-M,SF01PEAUMR,1
12515229,4001660314.0,préventif (3 mois) moteur MT,SF01-UT-FDEM-BASSIN-0IP01A-GMOT-0MOTEUR,MOTEUR ELECTRIQUE MT,SF1-ECU,SF01,GM7,AENC OAFF,,360.0,ZP,2.0,Dans une semaine,P1,,BENMOUSSA1,2026-04-13,14:45:13,2026-04-13 00:00:00,14:45:13,BENMOUSSA1,2026-08-27 00:00:00,17:22:03,2026-08-27 00:00:00,17:22:03,,00:00:00,S-PC-924IP01A-M,SF01PEAUMR,1
12807693,4001952600.0,préventif (6 mois) moteur MT,SF01-UT-FDEM-BASSIN-0IP01A-GMOT-0MOTEUR,MOTEUR ELECTRIQUE MT,SF1-ECU,SF01,GM7,AENC OAFF,,360.0,ZP,,,P1,,BENMOUSSA1,2026-05-25,09:52:00,2026-05-25 00:00:00,09:52:00,,,00:00:00,2026-11-29 00:00:00,00:00:00,,00:00:00,S-PC-924IP01A-M,SF01PEAUMR,1
11922039,4001060152.0,préventif des cellules MT,SF01-UT-FDEM-BASSIN-0IP01A-GMOT-DEPARTM,DEPART MOTEUR MT,SF1-ECU,SF01,GM7,AENC OAFF,,360.0,ZP,2.0,Dans une semaine,P1,,BENMOUSSA1,2026-01-12,16:14:02,2026-01-12 00:00:00,16:14:02,LABIBI,2026-08-05 00:00:00,13:57:26,2026-08-05 00:00:00,13:57:26,,00:00:00,S-PC-924IP01A-D,SF01PEAUMR,1
11699576,4000023483.0,préventif des cellules MT,SF01-UT-FDEM-BASSIN-0IP01A-GMOT-DEPARTM,DEPART MOTEUR MT,SF1-ECU,SF01,GM7,AENC OAFF,,360.0,ZP,,,P1,,LABIBI,2025-12-08,11:56:08,2025-12-08 00:00:00,11:56:07,,,00:00:00,2025-11-30 00:00:00,00:00:00,,00:00:00,S-PC-924IP01A-D,SF01PEAUMR,1
12808074,4001953001.0,préventif des cellules MT,SF01-UT-FDEM-BASSIN-0IP01A-GMOT-DEPARTM,DEPART MOTEUR MT,SF1-ECU,SF01,GM7,AENC OAFF,,360.0,ZP,,,P1,,BENMOUSSA1,2026-05-25,09:52:21,2026-05-25 00:00:00,09:52:21,,,00:00:00,2026-11-29 00:00:00,00:00:00,,00:00:00,S-PC-924IP01A-D,SF01PEAUMR,1
13152874,4002285923.0,préventif des cellules MT,SF01-UT-FDEM-BASSIN-0IP01A-GMOT-DEPARTM,DEPART MOTEUR MT,SF1-ECU,SF01,GM7,AENC OAFF,,360.0,ZP,,,P1,,BENMOUSSA1,2026-07-10,14:40:51,2026-07-10 00:00:00,14:40:51,,,00:00:00,2027-01-18 00:00:00,00:00:00,,00:00:00,S-PC-924IP01A-D,SF01PEAUMR,1
13497565,4002591486.0,LUBRIFICATION DES PALIERS,SF01-UT-FDEM-BASSIN-0IP01B,MOTOPOMPE EAU MER VERS CENTRALE IPO1B MC,SF1-MCU,SF01,GM4,AENC OAFF,,350.0,ZP,,,P1,,FATHELLAH,2026-08-29,15:27:06,2026-08-29 00:00:00,15:27:06,,,00:00:00,2026-09-13 00:00:00,00:00:00,,00:00:00,S-PC-P924 IP 01B,SF01PEAUMR,1
13497567,4002591488.0,OMS_MESURE VIBRATOIRE PALIERS,SF01-UT-FDEM-BASSIN-0IP01B,MOTOPOMPE EAU MER VERS CENTRALE IPO1B MC,SF1-MCU,SF01,GM4,AENC OAFF,,290.0,ZP,,,P1,,FATHELLAH,2026-08-29,15:27:06,2026-08-29 00:00:00,15:27:06,,,00:00:00,2026-09-12 00:00:00,00:00:00,,00:00:00,S-PC-P924 IP 01B,SF01PEAUMR,1
13152636,4002285640.0,Préventif systématique,SF01-UT-FDEM-BASSIN-0IP01B-CRSV-924FT401,DEBIT REFOULEMENT PPE IP01/AB,SF1-RCU,SF01,GM0,AENC OAFF,,360.0,ZP,,,P1,,BENMOUSSA1,2026-07-10,14:40:41,2026-07-10 00:00:00,14:40:41,,,00:00:00,2027-01-18 00:00:00,00:00:00,,00:00:00,S-PC-924 FIT 401 E,SF01PEAUMR,1
13152676,4002285693.0,Préventif systématique,SF01-UT-FDEM-BASSIN-0IP01B-CRSV-924PT006,PRESSION EAU DE MER DES POMPES  IP01A/B,SF1-RCU,SF01,GM0,AENC OAFF,,360.0,ZP,,,P1,,BENMOUSSA1,2026-07-10,14:40:43,2026-07-10 00:00:00,14:40:43,,,00:00:00,2027-01-18 00:00:00,00:00:00,,00:00:00,S-PC-924 PT 006 E,SF01PEAUMR,1
13152707,4002285741.0,Préventif systématique,SF01-UT-FDEM-BASSIN-0IP01B-CRSV-924TT110,T°EAU DE MER  DES POMPES  IP01A/B,SF1-RCU,SF01,GM0,AENC OAFF,,360.0,ZP,,,P1,,BENMOUSSA1,2026-07-10,14:40:44,2026-07-10 00:00:00,14:40:44,,,00:00:00,2027-01-18 00:00:00,00:00:00,,00:00:00,S-PC-924 TT 110 E,SF01PEAUMR,1
13152739,4002285776.0,Préventif systématique,SF01-UT-FDEM-BASSIN-0IP01B-CRSV-924VT671,VIBRATION DE POMPE IP01B,SF1-RCU,SF01,GM0,AENC OAFF,,360.0,ZP,,,P1,,BENMOUSSA1,2026-07-10,14:40:45,2026-07-10 00:00:00,14:40:45,,,00:00:00,2026-10-19 00:00:00,00:00:00,,00:00:00,S-PC-924 VT 671 AE,SF01PEAUMR,1
12515300,4001660315.0,préventif (3 mois) moteur MT,SF01-UT-FDEM-BASSIN-0IP01B-GMOT-0MOTEUR,MOTEUR ELECTRIQUE MT,SF1-ECU,SF01,GM7,AENC OAFF,,360.0,ZP,2.0,Dans une semaine,P1,,BENMOUSSA1,2026-04-13,14:45:13,2026-04-13 00:00:00,14:45:13,BENMOUSSA1,2026-08-27 00:00:00,17:23:10,2026-08-27 00:00:00,17:23:10,,00:00:00,S-PC-924IP01B-M,SF01PEAUMR,1
13434273,4002532352.0,préventif (3 mois) moteur MT,SF01-UT-FDEM-BASSIN-0IP01B-GMOT-0MOTEUR,MOTEUR ELECTRIQUE MT,SF1-ECU,SF01,GM7,AENC OAFF,,360.0,ZP,,,P1,,BENMOUSSA1,2026-08-19,08:03:35,2026-08-19 00:00:00,08:03:35,,,00:00:00,2026-11-29 00:00:00,00:00:00,,00:00:00,S-PC-924IP01B-M,SF01PEAUMR,1
11555012,4000704622.0,préventif (6 mois) moteur MT,SF01-UT-FDEM-BASSIN-0IP01B-GMOT-0MOTEUR,MOTEUR ELECTRIQUE MT,SF1-ECU,SF01,GM7,AENC OAFF,,360.0,ZP,2.0,Dans une semaine,P1,,BENMOUSSA1,2025-11-17,08:58:29,2025-11-17 00:00:00,08:58:29,BENMOUSSA1,2026-08-11 00:00:00,17:54:47,2026-08-11 00:00:00,17:54:47,,00:00:00,S-PC-924IP01B-M,SF01PEAUMR,1
13152425,4002285356.0,préventif (3 mois) moteur MT,SF01-UT-FDEM-BASSIN-0IP01B-GMOT-0MOTEUR,MOTEUR ELECTRIQUE MT,SF1-ECU,SF01,GM7,AENC OAFF,,360.0,ZP,,,P1,,BENMOUSSA1,2026-07-10,14:40:32,2026-07-10 00:00:00,14:40:32,,,00:00:00,2026-10-19 00:00:00,00:00:00,,00:00:00,S-PC-924IP01B-M,SF01PEAUMR,1
12153467,4001291696.0,préventif (3 mois) moteur MT,SF01-UT-FDEM-BASSIN-0IP01B-GMOT-0MOTEUR,MOTEUR ELECTRIQUE MT,SF1-ECU,SF01,GM7,AENC OAFF,,360.0,ZP,2.0,Dans une semaine,P1,,BENMOUSSA1,2026-02-23,09:21:15,2026-02-23 00:00:00,09:21:15,BENMOUSSA1,2026-08-13 00:00:00,09:38:37,2026-08-13 00:00:00,09:38:37,,00:00:00,S-PC-924IP01B-M,SF01PEAUMR,1
12807696,4001952603.0,préventif (6 mois) moteur MT,SF01-UT-FDEM-BASSIN-0IP01B-GMOT-0MOTEUR,MOTEUR ELECTRIQUE MT,SF1-ECU,SF01,GM7,AENC OAFF,,360.0,ZP,,,P1,,BENMOUSSA1,2026-05-25,09:52:01,2026-05-25 00:00:00,09:52:01,,,00:00:00,2026-11-29 00:00:00,00:00:00,,00:00:00,S-PC-924IP01B-M,SF01PEAUMR,1
13152436,4002285367.0,préventif (6 mois) moteur MT,SF01-UT-FDEM-BASSIN-0IP01B-GMOT-0MOTEUR,MOTEUR ELECTRIQUE MT,SF1-ECU,SF01,GM7,AENC OAFF,,360.0,ZP,,,P1,,BENMOUSSA1,2026-07-10,14:40:33,2026-07-10 00:00:00,14:40:33,,,00:00:00,2027-01-18 00:00:00,00:00:00,,00:00:00,S-PC-924IP01B-M,SF01PEAUMR,1
13152588,4002285576.0,préventif (1 an) moteur MT,SF01-UT-FDEM-BASSIN-0IP01B-GMOT-0MOTEUR,MOTEUR ELECTRIQUE MT,SF1-ECU,SF01,GM7,AENC OAFF,,360.0,ZP,,,P1,,BENMOUSSA1,2026-07-10,14:40:39,2026-07-10 00:00:00,14:40:39,,,00:00:00,2027-07-19 00:00:00,00:00:00,,00:00:00,S-PC-924IP01B-M,SF01PEAUMR,1
11739990,4000023778.0,préventif (6 mois) moteur MT,SF01-UT-FDEM-BASSIN-0IP01B-GMOT-0MOTEUR,MOTEUR ELECTRIQUE MT,SF1-ECU,SF01,GM7,AENC OAFF,,360.0,ZP,,,P1,,LABIBI,2025-12-18,10:21:58,2025-12-18 00:00:00,10:21:57,,,00:00:00,2025-11-30 00:00:00,00:00:00,,00:00:00,S-PC-924IP01B-M,SF01PEAUMR,1
12807883,4001952800.0,préventif (1 an) moteur MT,SF01-UT-FDEM-BASSIN-0IP01B-GMOT-0MOTEUR,MOTEUR ELECTRIQUE MT,SF1-ECU,SF01,GM7,AENC OAFF,,360.0,ZP,,,P1,,BENMOUSSA1,2026-05-25,09:52:09,2026-05-25 00:00:00,09:52:09,,,00:00:00,2027-05-30 00:00:00,00:00:00,,00:00:00,S-PC-924IP01B-M,SF01PEAUMR,1
13152884,4002285932.0,préventif des cellules MT,SF01-UT-FDEM-BASSIN-0IP01B-GMOT-DEPARTM,DEPART MOTEUR MT,SF1-ECU,SF01,GM7,AENC OAFF,,360.0,ZP,,,P1,,BENMOUSSA1,2026-07-10,14:40:51,2026-07-10 00:00:00,14:40:51,,,00:00:00,2027-01-18 00:00:00,00:00:00,,00:00:00,S-PC-924IP01B-D,SF01PEAUMR,1
11739954,4000023485.0,préventif des cellules MT,SF01-UT-FDEM-BASSIN-0IP01B-GMOT-DEPARTM,DEPART MOTEUR MT,SF1-ECU,SF01,GM7,AENC OAFF,,360.0,ZP,,,P1,,LABIBI,2025-12-18,10:20:45,2025-12-18 00:00:00,10:20:44,,,00:00:00,2025-11-30 00:00:00,00:00:00,,00:00:00,S-PC-924IP01B-D,SF01PEAUMR,1
11555234,4000704864.0,préventif des cellules MT,SF01-UT-FDEM-BASSIN-0IP01B-GMOT-DEPARTM,DEPART MOTEUR MT,SF1-ECU,SF01,GM7,AENC OAFF,,360.0,ZP,2.0,Dans une semaine,P1,,BENMOUSSA1,2025-11-17,08:58:40,2025-11-17 00:00:00,08:58:40,BENMOUSSA1,2026-08-11 00:00:00,18:14:14,2026-08-11 00:00:00,18:14:14,,00:00:00,S-PC-924IP01B-D,SF01PEAUMR,1
12808076,4001953003.0,préventif des cellules MT,SF01-UT-FDEM-BASSIN-0IP01B-GMOT-DEPARTM,DEPART MOTEUR MT,SF1-ECU,SF01,GM7,AENC OAFF,,360.0,ZP,,,P1,,BENMOUSSA1,2026-05-25,09:52:21,2026-05-25 00:00:00,09:52:21,,,00:00:00,2026-11-29 00:00:00,00:00:00,,00:00:00,S-PC-924IP01B-D,SF01PEAUMR,1
13497603,4002591494.0,OMS_MESURE VIBRATOIRE PALIERS,SF01-UT-FDEM-BASSIN-0IP02A,MOTOPOMPE EAU MER VERS SEM2 IPO2A MC,SF1-MCU,SF01,GM4,AENC OAFF,,290.0,ZP,,,P1,,FATHELLAH,2026-08-29,15:27:06,2026-08-29 00:00:00,15:27:06,,,00:00:00,2026-09-12 00:00:00,00:00:00,,00:00:00,S-PC-P924 IP 02A,SF01PEAUMR,2
13497600,4002591491.0,LUBRIFICATION DES PALIERS,SF01-UT-FDEM-BASSIN-0IP02A,MOTOPOMPE EAU MER VERS SEM2 IPO2A MC,SF1-MCU,SF01,GM4,AENC OAFF,,350.0,ZP,,,P1,,FATHELLAH,2026-08-29,15:27:06,2026-08-29 00:00:00,15:27:06,,,00:00:00,2026-09-13 00:00:00,00:00:00,,00:00:00,S-PC-P924 IP 02A,SF01PEAUMR,2
11922073,4001060185.0,préventif (6 mois) moteur MT,SF01-UT-FDEM-BASSIN-0IP02A-GMOT-0MOTEUR,MOTEUR ELECTRIQUE MT,SF1-ECU,SF01,GM7,AENC OAFF,,360.0,ZP,3.0,Dans un mois,P1,,BENMOUSSA1,2026-01-12,16:14:03,2026-01-12 00:00:00,16:14:03,BENMOUSSA1,2026-08-27 00:00:00,17:03:41,2026-08-27 00:00:00,17:03:41,,00:00:00,S-PC-924IP02A-M,SF01PEAUMR,2
12515301,4001660316.0,préventif (3 mois) moteur MT,SF01-UT-FDEM-BASSIN-0IP02A-GMOT-0MOTEUR,MOTEUR ELECTRIQUE MT,SF1-ECU,SF01,GM7,AENC OAFF,,360.0,ZP,2.0,Dans une semaine,P1,,BENMOUSSA1,2026-04-13,14:45:14,2026-04-13 00:00:00,14:45:14,BENMOUSSA1,2026-08-27 00:00:00,17:24:47,2026-08-27 00:00:00,17:24:47,,00:00:00,S-PC-924IP02A-M,SF01PEAUMR,2
13152449,4002285382.0,préventif (6 mois) moteur MT,SF01-UT-FDEM-BASSIN-0IP02A-GMOT-0MOTEUR,MOTEUR ELECTRIQUE MT,SF1-ECU,SF01,GM7,AENC OAFF,,360.0,ZP,,,P1,,BENMOUSSA1,2026-07-10,14:40:33,2026-07-10 00:00:00,14:40:33,,,00:00:00,2027-01-18 00:00:00,00:00:00,,00:00:00,S-PC-924IP02A-M,SF01PEAUMR,2
13152597,4002285590.0,préventif (1 an) moteur MT,SF01-UT-FDEM-BASSIN-0IP02A-GMOT-0MOTEUR,MOTEUR ELECTRIQUE MT,SF1-ECU,SF01,GM7,AENC OAFF,,360.0,ZP,,,P1,,BENMOUSSA1,2026-07-10,14:40:40,2026-07-10 00:00:00,14:40:40,,,00:00:00,2027-07-19 00:00:00,00:00:00,,00:00:00,S-PC-924IP02A-M,SF01PEAUMR,2
12807888,4001952805.0,préventif (1 an) moteur MT,SF01-UT-FDEM-BASSIN-0IP02A-GMOT-0MOTEUR,MOTEUR ELECTRIQUE MT,SF1-ECU,SF01,GM7,AENC OAFF,,360.0,ZP,,,P1,,BENMOUSSA1,2026-05-25,09:52:10,2026-05-25 00:00:00,09:52:10,,,00:00:00,2027-05-30 00:00:00,00:00:00,,00:00:00,S-PC-924IP02A-M,SF01PEAUMR,2
12807731,4001952608.0,préventif (6 mois) moteur MT,SF01-UT-FDEM-BASSIN-0IP02A-GMOT-0MOTEUR,MOTEUR ELECTRIQUE MT,SF1-ECU,SF01,GM7,AENC OAFF,,360.0,ZP,,,P1,,BENMOUSSA1,2026-05-25,09:52:02,2026-05-25 00:00:00,09:52:02,,,00:00:00,2026-11-29 00:00:00,00:00:00,,00:00:00,S-PC-924IP02A-M,SF01PEAUMR,2
13152432,4002285363.0,préventif (3 mois) moteur MT,SF01-UT-FDEM-BASSIN-0IP02A-GMOT-0MOTEUR,MOTEUR ELECTRIQUE MT,SF1-ECU,SF01,GM7,AENC OAFF,,360.0,ZP,,,P1,,BENMOUSSA1,2026-07-10,14:40:32,2026-07-10 00:00:00,14:40:32,,,00:00:00,2026-10-19 00:00:00,00:00:00,,00:00:00,S-PC-924IP02A-M,SF01PEAUMR,2
13434282,4002532361.0,préventif (3 mois) moteur MT,SF01-UT-FDEM-BASSIN-0IP02A-GMOT-0MOTEUR,MOTEUR ELECTRIQUE MT,SF1-ECU,SF01,GM7,AENC OAFF,,360.0,ZP,,,P1,,BENMOUSSA1,2026-08-19,08:03:35,2026-08-19 00:00:00,08:03:35,,,00:00:00,2026-11-29 00:00:00,00:00:00,,00:00:00,S-PC-924IP02A-M,SF01PEAUMR,2
11699620,4000023785.0,préventif (6 mois) moteur MT,SF01-UT-FDEM-BASSIN-0IP02A-GMOT-0MOTEUR,MOTEUR ELECTRIQUE MT,SF1-ECU,SF01,GM7,AENC OAFF,,360.0,ZP,,,P1,,LABIBI,2025-12-08,11:56:14,2025-12-08 00:00:00,11:56:12,,,00:00:00,2025-11-30 00:00:00,00:00:00,,00:00:00,S-PC-924IP02A-M,SF01PEAUMR,2
13152895,4002285944.0,préventif des cellules MT,SF01-UT-FDEM-BASSIN-0IP02A-GMOT-DEPARTM,DEPART MOTEUR MT,SF1-ECU,SF01,GM7,AENC OAFF,,360.0,ZP,,,P1,,BENMOUSSA1,2026-07-10,14:40:51,2026-07-10 00:00:00,14:40:51,,,00:00:00,2027-01-18 00:00:00,00:00:00,,00:00:00,S-PC-924IP02A-D,SF01PEAUMR,2
12808078,4001953005.0,préventif des cellules MT,SF01-UT-FDEM-BASSIN-0IP02A-GMOT-DEPARTM,DEPART MOTEUR MT,SF1-ECU,SF01,GM7,AENC OAFF,,360.0,ZP,,,P1,,BENMOUSSA1,2026-05-25,09:52:21,2026-05-25 00:00:00,09:52:21,,,00:00:00,2026-11-29 00:00:00,00:00:00,,00:00:00,S-PC-924IP02A-D,SF01PEAUMR,2
11699577,4000023488.0,préventif des cellules MT,SF01-UT-FDEM-BASSIN-0IP02A-GMOT-DEPARTM,DEPART MOTEUR MT,SF1-ECU,SF01,GM7,AENC OAFF,,360.0,ZP,,,P1,,LABIBI,2025-12-08,11:56:10,2025-12-08 00:00:00,11:56:09,,,00:00:00,2025-11-30 00:00:00,00:00:00,,00:00:00,S-PC-924IP02A-D,SF01PEAUMR,2
11922064,4001060157.0,préventif des cellules MT,SF01-UT-FDEM-BASSIN-0IP02A-GMOT-DEPARTM,DEPART MOTEUR MT,SF1-ECU,SF01,GM7,AENC OAFF,,360.0,ZP,3.0,Dans un mois,P1,,BENMOUSSA1,2026-01-12,16:14:03,2026-01-12 00:00:00,16:14:03,BENMOUSSA1,2026-08-27 00:00:00,17:03:11,2026-08-27 00:00:00,17:03:11,,00:00:00,S-PC-924IP02A-D,SF01PEAUMR,2
13452254,4002549101.0,LUBRIFICATION DES PALIERS,SF01-UT-FDEM-BASSIN-0IP02B,MOTOPOMPE EAU MER VERS SEM2 IPO2B,SF1-MCU,SF01,GM4,AENC OAFF,,350.0,ZP,,,P1,,FATHELLAH,2026-08-24,10:22:01,2026-08-24 00:00:00,10:22:01,,,00:00:00,2026-09-07 00:00:00,00:00:00,,00:00:00,S-PC-P924 IP 02B,SF01PEAUMR,2
13497605,4002591496.0,LUBRIFICATION DES PALIERS,SF01-UT-FDEM-BASSIN-0IP02B,MOTOPOMPE EAU MER VERS SEM2 IPO2B,SF1-MCU,SF01,GM4,AENC OAFF,,350.0,ZP,,,P1,,FATHELLAH,2026-08-29,15:27:07,2026-08-29 00:00:00,15:27:07,,,00:00:00,2026-09-14 00:00:00,00:00:00,,00:00:00,S-PC-P924 IP 02B,SF01PEAUMR,2
13497606,4002591497.0,OMS_MESURE VIBRATOIRE PALIERS,SF01-UT-FDEM-BASSIN-0IP02B,MOTOPOMPE EAU MER VERS SEM2 IPO2B,SF1-MCU,SF01,GM4,AENC OAFF,,290.0,ZP,,,P1,,FATHELLAH,2026-08-29,15:27:07,2026-08-29 00:00:00,15:27:07,,,00:00:00,2026-09-13 00:00:00,00:00:00,,00:00:00,S-PC-P924 IP 02B,SF01PEAUMR,2
13152646,4002285653.0,Préventif systématique,SF01-UT-FDEM-BASSIN-0IP02B-CRSV-924FT402,DEBIT REFOULEMENT PPE IP02/AB,SF1-RCU,SF01,GM0,AENC OAFF,,360.0,ZP,,,P1,,BENMOUSSA1,2026-07-10,14:40:42,2026-07-10 00:00:00,14:40:42,,,00:00:00,2027-01-18 00:00:00,00:00:00,,00:00:00,S-PC-924 FIT 402 E,SF01PEAUMR,2
13152683,4002285703.0,Préventif systématique,SF01-UT-FDEM-BASSIN-0IP02B-CRSV-924PT007,PRESSION EAU DE MER DES POMPES  IP02A/B,SF1-RCU,SF01,GM0,AENC OAFF,,360.0,ZP,,,P1,,BENMOUSSA1,2026-07-10,14:40:43,2026-07-10 00:00:00,14:40:43,,,00:00:00,2027-01-18 00:00:00,00:00:00,,00:00:00,S-PC-924 PT 007 E,SF01PEAUMR,2
13152716,4002285751.0,Préventif systématique,SF01-UT-FDEM-BASSIN-0IP02B-CRSV-924TT111,T°EAU DE MER  DES POMPES  IP02A/B,SF1-RCU,SF01,GM0,AENC OAFF,,360.0,ZP,,,P1,,BENMOUSSA1,2026-07-10,14:40:44,2026-07-10 00:00:00,14:40:44,,,00:00:00,2027-01-18 00:00:00,00:00:00,,00:00:00,S-PC-924 TT 111 E,SF01PEAUMR,2
13434288,4002532367.0,préventif (3 mois) moteur MT,SF01-UT-FDEM-BASSIN-0IP02B-GMOT-0MOTEUR,MOTEUR ELECTRIQUE MT,SF1-ECU,SF01,GM7,AENC OAFF,,360.0,ZP,,,P1,,BENMOUSSA1,2026-08-19,08:03:36,2026-08-19 00:00:00,08:03:36,,,00:00:00,2026-11-29 00:00:00,00:00:00,,00:00:00,S-PC-924IP02B-M,SF01PEAUMR,2
13152441,4002285373.0,préventif (3 mois) moteur MT,SF01-UT-FDEM-BASSIN-0IP02B-GMOT-0MOTEUR,MOTEUR ELECTRIQUE MT,SF1-ECU,SF01,GM7,AENC OAFF,,360.0,ZP,,,P1,,BENMOUSSA1,2026-07-10,14:40:33,2026-07-10 00:00:00,14:40:33,,,00:00:00,2026-10-19 00:00:00,00:00:00,,00:00:00,S-PC-924IP02B-M,SF01PEAUMR,2
12807734,4001952611.0,préventif (6 mois) moteur MT,SF01-UT-FDEM-BASSIN-0IP02B-GMOT-0MOTEUR,MOTEUR ELECTRIQUE MT,SF1-ECU,SF01,GM7,AENC OAFF,,360.0,ZP,,,P1,,BENMOUSSA1,2026-05-25,09:52:02,2026-05-25 00:00:00,09:52:02,,,00:00:00,2026-11-29 00:00:00,00:00:00,,00:00:00,S-PC-924IP02B-M,SF01PEAUMR,2
12807901,4001952808.0,préventif (1 an) moteur MT,SF01-UT-FDEM-BASSIN-0IP02B-GMOT-0MOTEUR,MOTEUR ELECTRIQUE MT,SF1-ECU,SF01,GM7,AENC OAFF,,360.0,ZP,,,P1,,BENMOUSSA1,2026-05-25,09:52:10,2026-05-25 00:00:00,09:52:10,,,00:00:00,2027-05-30 00:00:00,00:00:00,,00:00:00,S-PC-924IP02B-M,SF01PEAUMR,2
11739994,4000023790.0,préventif (6 mois) moteur MT,SF01-UT-FDEM-BASSIN-0IP02B-GMOT-0MOTEUR,MOTEUR ELECTRIQUE MT,SF1-ECU,SF01,GM7,AENC OAFF,,360.0,ZP,,,P1,,LABIBI,2025-12-18,10:22:06,2025-12-18 00:00:00,10:22:05,,,00:00:00,2025-11-30 00:00:00,00:00:00,,00:00:00,S-PC-924IP02B-M,SF01PEAUMR,2
12153485,4001291744.0,préventif (3 mois) moteur MT,SF01-UT-FDEM-BASSIN-0IP02B-GMOT-0MOTEUR,MOTEUR ELECTRIQUE MT,SF1-ECU,SF01,GM7,AENC OAFF,,360.0,ZP,2.0,Dans une semaine,P1,,BENMOUSSA1,2026-02-23,09:21:15,2026-02-23 00:00:00,09:21:15,BENMOUSSA1,2026-08-13 00:00:00,09:39:11,2026-08-13 00:00:00,09:39:11,,00:00:00,S-PC-924IP02B-M,SF01PEAUMR,2
12515302,4001660317.0,préventif (3 mois) moteur MT,SF01-UT-FDEM-BASSIN-0IP02B-GMOT-0MOTEUR,MOTEUR ELECTRIQUE MT,SF1-ECU,SF01,GM7,AENC OAFF,,360.0,ZP,2.0,Dans une semaine,P1,,BENMOUSSA1,2026-04-13,14:45:14,2026-04-13 00:00:00,14:45:14,BENMOUSSA1,2026-08-27 00:00:00,17:25:15,2026-08-27 00:00:00,17:25:15,,00:00:00,S-PC-924IP02B-M,SF01PEAUMR,2
13152608,4002285603.0,préventif (1 an) moteur MT,SF01-UT-FDEM-BASSIN-0IP02B-GMOT-0MOTEUR,MOTEUR ELECTRIQUE MT,SF1-ECU,SF01,GM7,AENC OAFF,,360.0,ZP,,,P1,,BENMOUSSA1,2026-07-10,14:40:40,2026-07-10 00:00:00,14:40:40,,,00:00:00,2027-07-19 00:00:00,00:00:00,,00:00:00,S-PC-924IP02B-M,SF01PEAUMR,2
11555017,4000704627.0,préventif (6 mois) moteur MT,SF01-UT-FDEM-BASSIN-0IP02B-GMOT-0MOTEUR,MOTEUR ELECTRIQUE MT,SF1-ECU,SF01,GM7,AENC OAFF,,360.0,ZP,2.0,Dans une semaine,P1,,BENMOUSSA1,2025-11-17,08:58:30,2025-11-17 00:00:00,08:58:30,BENMOUSSA1,2026-08-11 00:00:00,17:55:26,2026-08-11 00:00:00,17:55:26,,00:00:00,S-PC-924IP02B-M,SF01PEAUMR,2
13152459,4002285392.0,préventif (6 mois) moteur MT,SF01-UT-FDEM-BASSIN-0IP02B-GMOT-0MOTEUR,MOTEUR ELECTRIQUE MT,SF1-ECU,SF01,GM7,AENC OAFF,,360.0,ZP,,,P1,,BENMOUSSA1,2026-07-10,14:40:33,2026-07-10 00:00:00,14:40:33,,,00:00:00,2027-01-18 00:00:00,00:00:00,,00:00:00,S-PC-924IP02B-M,SF01PEAUMR,2
11425346,4000025608.0,préventif (3 mois) moteur MT,SF01-UT-FDEM-BASSIN-0IP02B-GMOT-0MOTEUR,MOTEUR ELECTRIQUE MT,SF1-ECU,SF01,GM7,AENC OAFF,,360.0,ZP,,,P1,,BENMOUSSA1,2025-10-23,11:24:30,2025-10-23 00:00:00,11:24:18,,,00:00:00,2025-10-20 00:00:00,00:00:00,,00:00:00,S-PC-924IP02B-M,SF01PEAUMR,2
13152901,4002285950.0,préventif des cellules MT,SF01-UT-FDEM-BASSIN-0IP02B-GMOT-DEPARTM,DEPART MOTEUR MT,SF1-ECU,SF01,GM7,AENC OAFF,,360.0,ZP,,,P1,,BENMOUSSA1,2026-07-10,14:40:52,2026-07-10 00:00:00,14:40:52,,,00:00:00,2027-01-18 00:00:00,00:00:00,,00:00:00,S-PC-924IP02B-D,SF01PEAUMR,2
11739955,4000023491.0,préventif des cellules MT,SF01-UT-FDEM-BASSIN-0IP02B-GMOT-DEPARTM,DEPART MOTEUR MT,SF1-ECU,SF01,GM7,AENC OAFF,,360.0,ZP,,,P1,,LABIBI,2025-12-18,10:20:47,2025-12-18 00:00:00,10:20:46,,,00:00:00,2025-11-30 00:00:00,00:00:00,,00:00:00,S-PC-924IP02B-D,SF01PEAUMR,2
11555239,4000704869.0,préventif des cellules MT,SF01-UT-FDEM-BASSIN-0IP02B-GMOT-DEPARTM,DEPART MOTEUR MT,SF1-ECU,SF01,GM7,AENC OAFF,,360.0,ZP,2.0,Dans une semaine,P1,,BENMOUSSA1,2025-11-17,08:58:41,2025-11-17 00:00:00,08:58:41,BENMOUSSA1,2026-08-11 00:00:00,18:14:44,2026-08-11 00:00:00,18:14:44,,00:00:00,S-PC-924IP02B-D,SF01PEAUMR,2
12808091,4001953008.0,préventif des cellules MT,SF01-UT-FDEM-BASSIN-0IP02B-GMOT-DEPARTM,DEPART MOTEUR MT,SF1-ECU,SF01,GM7,AENC OAFF,,360.0,ZP,,,P1,,BENMOUSSA1,2026-05-25,09:52:22,2026-05-25 00:00:00,09:52:22,,,00:00:00,2026-11-29 00:00:00,00:00:00,,00:00:00,S-PC-924IP02B-D,SF01PEAUMR,2
13497548,4002591474.0,OMS_MESURE VIBRATOIRE PALIERS,SF01-UT-FDEM-BASSIN-0IP03A,MOTOPOMPE EAU MER VERS PSII IPO3A BASSIN,SF1-MCU,SF01,GM4,AENC OAFF,,290.0,ZP,,,P1,,FATHELLAH,2026-08-29,15:27:05,2026-08-29 00:00:00,15:27:05,,,00:00:00,2026-09-10 00:00:00,00:00:00,,00:00:00,S-PC-P924 IP 03A,SF01PEAUMR,3
13497545,4002591471.0,LUBRIFICATION DES PALIERS,SF01-UT-FDEM-BASSIN-0IP03A,MOTOPOMPE EAU MER VERS PSII IPO3A BASSIN,SF1-MCU,SF01,GM4,AENC OAFF,,350.0,ZP,,,P1,,FATHELLAH,2026-08-29,15:27:05,2026-08-29 00:00:00,15:27:05,,,00:00:00,2026-09-09 00:00:00,00:00:00,,00:00:00,S-PC-P924 IP 03A,SF01PEAUMR,3
13152745,4002285783.0,Préventif systématique,SF01-UT-FDEM-BASSIN-0IP03A-CRSV-924VT674,CAPTEUR DE VIBRATION DE LA POMP IP03 A,SF1-RCU,SF01,GM0,AENC OAFF,,360.0,ZP,,,P1,,BENMOUSSA1,2026-07-10,14:40:45,2026-07-10 00:00:00,14:40:45,,,00:00:00,2026-10-19 00:00:00,00:00:00,,00:00:00,S-PC-924 VT 674 AE,SF01PEAUMR,3
12807738,4001952615.0,préventif (6 mois) moteur MT,SF01-UT-FDEM-BASSIN-0IP03A-GMOT-0MOTEUR,MOTEUR ELECTRIQUE MT,SF1-ECU,SF01,GM7,AENC OAFF,,360.0,ZP,,,P1,,BENMOUSSA1,2026-05-25,09:52:02,2026-05-25 00:00:00,09:52:02,,,00:00:00,2026-11-29 00:00:00,00:00:00,,00:00:00,S-PC-924IP03A-M,SF01PEAUMR,3
12515304,4001660319.0,préventif (3 mois) moteur MT,SF01-UT-FDEM-BASSIN-0IP03A-GMOT-0MOTEUR,MOTEUR ELECTRIQUE MT,SF1-ECU,SF01,GM7,AENC OAFF,,360.0,ZP,2.0,Dans une semaine,P1,,BENMOUSSA1,2026-04-13,14:45:14,2026-04-13 00:00:00,14:45:14,BENMOUSSA1,2026-08-27 00:00:00,17:26:21,2026-08-27 00:00:00,17:26:21,,00:00:00,S-PC-924IP03A-M,SF01PEAUMR,3
13152469,4002285402.0,préventif (6 mois) moteur MT,SF01-UT-FDEM-BASSIN-0IP03A-GMOT-0MOTEUR,MOTEUR ELECTRIQUE MT,SF1-ECU,SF01,GM7,AENC OAFF,,360.0,ZP,,,P1,,BENMOUSSA1,2026-07-10,14:40:34,2026-07-10 00:00:00,14:40:34,,,00:00:00,2027-01-18 00:00:00,00:00:00,,00:00:00,S-PC-924IP03A-M,SF01PEAUMR,3
11739996,4000023796.0,préventif (6 mois) moteur MT,SF01-UT-FDEM-BASSIN-0IP03A-GMOT-0MOTEUR,MOTEUR ELECTRIQUE MT,SF1-ECU,SF01,GM7,AENC OAFF,,360.0,ZP,,,P1,,LABIBI,2025-12-18,10:22:10,2025-12-18 00:00:00,10:22:09,,,00:00:00,2025-11-30 00:00:00,00:00:00,,00:00:00,S-PC-924IP03A-M,SF01PEAUMR,3
13434295,4002532374.0,préventif (3 mois) moteur MT,SF01-UT-FDEM-BASSIN-0IP03A-GMOT-0MOTEUR,MOTEUR ELECTRIQUE MT,SF1-ECU,SF01,GM7,AENC OAFF,,360.0,ZP,,,P1,,BENMOUSSA1,2026-08-19,08:03:36,2026-08-19 00:00:00,08:03:36,,,00:00:00,2026-11-29 00:00:00,00:00:00,,00:00:00,S-PC-924IP03A-M,SF01PEAUMR,3
13152451,4002285383.0,préventif (3 mois) moteur MT,SF01-UT-FDEM-BASSIN-0IP03A-GMOT-0MOTEUR,MOTEUR ELECTRIQUE MT,SF1-ECU,SF01,GM7,AENC OAFF,,360.0,ZP,,,P1,,BENMOUSSA1,2026-07-10,14:40:33,2026-07-10 00:00:00,14:40:33,,,00:00:00,2026-10-19 00:00:00,00:00:00,,00:00:00,S-PC-924IP03A-M,SF01PEAUMR,3
11555051,4000704631.0,préventif (6 mois) moteur MT,SF01-UT-FDEM-BASSIN-0IP03A-GMOT-0MOTEUR,MOTEUR ELECTRIQUE MT,SF1-ECU,SF01,GM7,AENC OAFF,,360.0,ZP,2.0,Dans une semaine,P1,,BENMOUSSA1,2025-11-17,08:58:31,2025-11-17 00:00:00,08:58:31,BENMOUSSA1,2026-08-11 00:00:00,17:56:06,2026-08-11 00:00:00,17:56:06,,00:00:00,S-PC-924IP03A-M,SF01PEAUMR,3
12807903,4001952810.0,préventif (1 an) moteur MT,SF01-UT-FDEM-BASSIN-0IP03A-GMOT-0MOTEUR,MOTEUR ELECTRIQUE MT,SF1-ECU,SF01,GM7,AENC OAFF,,360.0,ZP,,,P1,,BENMOUSSA1,2026-05-25,09:52:11,2026-05-25 00:00:00,09:52:11,,,00:00:00,2027-05-30 00:00:00,00:00:00,,00:00:00,S-PC-924IP03A-M,SF01PEAUMR,3
12153488,4001291747.0,préventif (3 mois) moteur MT,SF01-UT-FDEM-BASSIN-0IP03A-GMOT-0MOTEUR,MOTEUR ELECTRIQUE MT,SF1-ECU,SF01,GM7,AENC OAFF,,360.0,ZP,2.0,Dans une semaine,P1,,BENMOUSSA1,2026-02-23,09:21:16,2026-02-23 00:00:00,09:21:16,BENMOUSSA1,2026-08-13 00:00:00,09:39:46,2026-08-13 00:00:00,09:39:46,,00:00:00,S-PC-924IP03A-M,SF01PEAUMR,3
13152621,4002285622.0,préventif (1 an) moteur MT,SF01-UT-FDEM-BASSIN-0IP03A-GMOT-0MOTEUR,MOTEUR ELECTRIQUE MT,SF1-ECU,SF01,GM7,AENC OAFF,,360.0,ZP,,,P1,,BENMOUSSA1,2026-07-10,14:40:41,2026-07-10 00:00:00,14:40:41,,,00:00:00,2027-07-19 00:00:00,00:00:00,,00:00:00,S-PC-924IP03A-M,SF01PEAUMR,3
12808093,4001953010.0,préventif des cellules MT,SF01-UT-FDEM-BASSIN-0IP03A-GMOT-DEPARTM,DEPART MOTEUR MT,SF1-ECU,SF01,GM7,AENC OAFF,,360.0,ZP,,,P1,,BENMOUSSA1,2026-05-25,09:52:22,2026-05-25 00:00:00,09:52:22,,,00:00:00,2026-11-29 00:00:00,00:00:00,,00:00:00,S-PC-924IP03A-D,SF01PEAUMR,3
11555262,4000704872.0,préventif des cellules MT,SF01-UT-FDEM-BASSIN-0IP03A-GMOT-DEPARTM,DEPART MOTEUR MT,SF1-ECU,SF01,GM7,AENC OAFF,,360.0,ZP,2.0,Dans une semaine,P1,,BENMOUSSA1,2025-11-17,08:58:41,2025-11-17 00:00:00,08:58:41,BENMOUSSA1,2026-08-11 00:00:00,18:15:17,2026-08-11 00:00:00,18:15:17,,00:00:00,S-PC-924IP03A-D,SF01PEAUMR,3
11739956,4000023493.0,préventif des cellules MT,SF01-UT-FDEM-BASSIN-0IP03A-GMOT-DEPARTM,DEPART MOTEUR MT,SF1-ECU,SF01,GM7,AENC OAFF,,360.0,ZP,,,P1,,LABIBI,2025-12-18,10:20:49,2025-12-18 00:00:00,10:20:48,,,00:00:00,2025-11-30 00:00:00,00:00:00,,00:00:00,S-PC-924IP03A-D,SF01PEAUMR,3
13152910,4002285961.0,préventif des cellules MT,SF01-UT-FDEM-BASSIN-0IP03A-GMOT-DEPARTM,DEPART MOTEUR MT,SF1-ECU,SF01,GM7,AENC OAFF,,360.0,ZP,,,P1,,BENMOUSSA1,2026-07-10,14:40:52,2026-07-10 00:00:00,14:40:52,,,00:00:00,2027-01-18 00:00:00,00:00:00,,00:00:00,S-PC-924IP03A-D,SF01PEAUMR,3
13497551,4002591477.0,LUBRIFICATION DES PALIERS,SF01-UT-FDEM-BASSIN-0IP03B,MOTOPOMPE EAU MER VERS PSII IPO3B BASSIN,SF1-MCU,SF01,GM4,AENC OAFF,,350.0,ZP,,,P1,,FATHELLAH,2026-08-29,15:27:05,2026-08-29 00:00:00,15:27:05,,,00:00:00,2026-09-09 00:00:00,00:00:00,,00:00:00,S-PC-P924 IP 03B,SF01PEAUMR,3
13497554,4002591500.0,OMS_MESURE VIBRATOIRE PALIERS,SF01-UT-FDEM-BASSIN-0IP03B,MOTOPOMPE EAU MER VERS PSII IPO3B BASSIN,SF1-MCU,SF01,GM4,AENC OAFF,,290.0,ZP,,,P1,,FATHELLAH,2026-08-29,15:27:05,2026-08-29 00:00:00,15:27:05,,,00:00:00,2026-09-10 00:00:00,00:00:00,,00:00:00,S-PC-P924 IP 03B,SF01PEAUMR,3
13152691,4002285715.0,Préventif systématique,SF01-UT-FDEM-BASSIN-0IP03B-CRSV-924PT008,P E/MER DES POMPES DE REFOULEM IP03/B,SF1-RCU,SF01,GM0,AENC OAFF,,360.0,ZP,,,P1,,BENMOUSSA1,2026-07-10,14:40:43,2026-07-10 00:00:00,14:40:43,,,00:00:00,2027-01-18 00:00:00,00:00:00,,00:00:00,S-PC-924 PT 008 E,SF01PEAUMR,3
13152723,4002285759.0,Préventif systématique,SF01-UT-FDEM-BASSIN-0IP03B-CRSV-924TT112,T° E/MER DES POMPES DE REFOULEME IP03A/B,SF1-RCU,SF01,GM0,AENC OAFF,,360.0,ZP,,,P1,,BENMOUSSA1,2026-07-10,14:40:45,2026-07-10 00:00:00,14:40:45,,,00:00:00,2027-01-18 00:00:00,00:00:00,,00:00:00,S-PC-924 TT 112 E,SF01PEAUMR,3
13152753,4002285791.0,Préventif systématique,SF01-UT-FDEM-BASSIN-0IP03B-CRSV-924VT675,CAPTEUR DE VIBRATION DE LA POMPE IP03 B,SF1-RCU,SF01,GM0,AENC OAFF,,360.0,ZP,,,P1,,BENMOUSSA1,2026-07-10,14:40:46,2026-07-10 00:00:00,14:40:46,,,00:00:00,2026-10-19 00:00:00,00:00:00,,00:00:00,S-PC-924 VT 675 AE,SF01PEAUMR,3
12515307,4001660382.0,préventif (3 mois) moteur MT,SF01-UT-FDEM-BASSIN-0IP03B-GMOT-0MOTEUR,MOTEUR ELECTRIQUE MT,SF1-ECU,SF01,GM7,AENC OAFF,,360.0,ZP,2.0,Dans une semaine,P1,,BENMOUSSA1,2026-04-13,14:45:15,2026-04-13 00:00:00,14:45:15,BENMOUSSA1,2026-08-27 00:00:00,17:28:15,2026-08-27 00:00:00,17:28:15,,00:00:00,S-PC-924IP03B-M,SF01PEAUMR,3
11740012,4000023843.0,préventif (6 mois) moteur MT,SF01-UT-FDEM-BASSIN-0IP03B-GMOT-0MOTEUR,MOTEUR ELECTRIQUE MT,SF1-ECU,SF01,GM7,AENC OAFF,,360.0,ZP,,,P1,,LABIBI,2025-12-18,10:22:19,2025-12-18 00:00:00,10:22:17,,,00:00:00,2025-11-30 00:00:00,00:00:00,,00:00:00,S-PC-924IP03B-M,SF01PEAUMR,3
12807906,4001952813.0,préventif (1 an) moteur MT,SF01-UT-FDEM-BASSIN-0IP03B-GMOT-0MOTEUR,MOTEUR ELECTRIQUE MT,SF1-ECU,SF01,GM7,AENC OAFF,,360.0,ZP,,,P1,,BENMOUSSA1,2026-05-25,09:52:11,2026-05-25 00:00:00,09:52:11,,,00:00:00,2027-05-30 00:00:00,00:00:00,,00:00:00,S-PC-924IP03B-M,SF01PEAUMR,3
12807761,4001952618.0,préventif (6 mois) moteur MT,SF01-UT-FDEM-BASSIN-0IP03B-GMOT-0MOTEUR,MOTEUR ELECTRIQUE MT,SF1-ECU,SF01,GM7,AENC OAFF,,360.0,ZP,,,P1,,BENMOUSSA1,2026-05-25,09:52:03,2026-05-25 00:00:00,09:52:03,,,00:00:00,2026-11-29 00:00:00,00:00:00,,00:00:00,S-PC-924IP03B-M,SF01PEAUMR,3
13152479,4002285414.0,préventif (6 mois) moteur MT,SF01-UT-FDEM-BASSIN-0IP03B-GMOT-0MOTEUR,MOTEUR ELECTRIQUE MT,SF1-ECU,SF01,GM7,AENC OAFF,,360.0,ZP,,,P1,,BENMOUSSA1,2026-07-10,14:40:34,2026-07-10 00:00:00,14:40:34,,,00:00:00,2027-01-18 00:00:00,00:00:00,,00:00:00,S-PC-924IP03B-M,SF01PEAUMR,3
13152631,4002285635.0,préventif (1 an) moteur MT,SF01-UT-FDEM-BASSIN-0IP03B-GMOT-0MOTEUR,MOTEUR ELECTRIQUE MT,SF1-ECU,SF01,GM7,AENC OAFF,,360.0,ZP,,,P1,,BENMOUSSA1,2026-07-10,14:40:41,2026-07-10 00:00:00,14:40:41,,,00:00:00,2027-07-19 00:00:00,00:00:00,,00:00:00,S-PC-924IP03B-M,SF01PEAUMR,3
13434303,4002532382.0,préventif (3 mois) moteur MT,SF01-UT-FDEM-BASSIN-0IP03B-GMOT-0MOTEUR,MOTEUR ELECTRIQUE MT,SF1-ECU,SF01,GM7,AENC OAFF,,360.0,ZP,,,P1,,BENMOUSSA1,2026-08-19,08:03:36,2026-08-19 00:00:00,08:03:36,,,00:00:00,2026-11-29 00:00:00,00:00:00,,00:00:00,S-PC-924IP03B-M,SF01PEAUMR,3
13152457,4002285390.0,préventif (3 mois) moteur MT,SF01-UT-FDEM-BASSIN-0IP03B-GMOT-0MOTEUR,MOTEUR ELECTRIQUE MT,SF1-ECU,SF01,GM7,AENC OAFF,,360.0,ZP,,,P1,,BENMOUSSA1,2026-07-10,14:40:33,2026-07-10 00:00:00,14:40:33,,,00:00:00,2026-10-19 00:00:00,00:00:00,,00:00:00,S-PC-924IP03B-M,SF01PEAUMR,3
12808095,4001953012.0,préventif des cellules MT,SF01-UT-FDEM-BASSIN-0IP03B-GMOT-DEPARTM,DEPART MOTEUR MT,SF1-ECU,SF01,GM7,AENC OAFF,,360.0,ZP,,,P1,,BENMOUSSA1,2026-05-25,09:52:22,2026-05-25 00:00:00,09:52:22,,,00:00:00,2026-11-29 00:00:00,00:00:00,,00:00:00,S-PC-924IP03B-D,SF01PEAUMR,3
13152918,4002285970.0,préventif des cellules MT,SF01-UT-FDEM-BASSIN-0IP03B-GMOT-DEPARTM,DEPART MOTEUR MT,SF1-ECU,SF01,GM7,AENC OAFF,,360.0,ZP,,,P1,,BENMOUSSA1,2026-07-10,14:40:52,2026-07-10 00:00:00,14:40:52,,,00:00:00,2027-01-18 00:00:00,00:00:00,,00:00:00,S-PC-924IP03B-D,SF01PEAUMR,3
11739957,4000023496.0,préventif des cellules MT,SF01-UT-FDEM-BASSIN-0IP03B-GMOT-DEPARTM,DEPART MOTEUR MT,SF1-ECU,SF01,GM7,AENC OAFF,,360.0,ZP,,,P1,,LABIBI,2025-12-18,10:20:51,2025-12-18 00:00:00,10:20:49,,,00:00:00,2025-11-30 00:00:00,00:00:00,,00:00:00,S-PC-924IP03B-D,SF01PEAUMR,3
13452252,4002549099.0,LUBRIFICATION DES PALIERS,SF01-UT-FDEM-BASSIN-0IP04A,MOTOPOMPE EAU MER VERS PPII IPO4A BASSIN,SF1-MCU,SF01,GM4,AENC OAFF,,350.0,ZP,,,P1,,FATHELLAH,2026-08-24,10:22:01,2026-08-24 00:00:00,10:22:01,,,00:00:00,2026-09-07 00:00:00,00:00:00,,00:00:00,S-PC-P924 IP 04A,SF01PEAUMR,4
13497556,4002591502.0,LUBRIFICATION DES PALIERS,SF01-UT-FDEM-BASSIN-0IP04A,MOTOPOMPE EAU MER VERS PPII IPO4A BASSIN,SF1-MCU,SF01,GM4,AENC OAFF,,350.0,ZP,,,P1,,FATHELLAH,2026-08-29,15:27:06,2026-08-29 00:00:00,15:27:06,,,00:00:00,2026-09-14 00:00:00,00:00:00,,00:00:00,S-PC-P924 IP 04A,SF01PEAUMR,4
13497590,4002591506.0,OMS_MESURE VIBRATOIRE PALIERS,SF01-UT-FDEM-BASSIN-0IP04A,MOTOPOMPE EAU MER VERS PPII IPO4A BASSIN,SF1-MCU,SF01,GM4,AENC OAFF,,290.0,ZP,,,P1,,FATHELLAH,2026-08-29,15:27:06,2026-08-29 00:00:00,15:27:06,,,00:00:00,2026-09-10 00:00:00,00:00:00,,00:00:00,S-PC-P924 IP 04A,SF01PEAUMR,4
13152761,4002285800.0,Préventif systématique,SF01-UT-FDEM-BASSIN-0IP04A-CRSV-924VT676,CAPTEUR DE VIBRATION DE LA POMPE IP04 A,SF1-RCU,SF01,GM0,AENC OAFF,,360.0,ZP,,,P1,,BENMOUSSA1,2026-07-10,14:40:46,2026-07-10 00:00:00,14:40:46,,,00:00:00,2026-10-19 00:00:00,00:00:00,,00:00:00,S-PC-924 VT 676 AE,SF01PEAUMR,4
12153508,4001291757.0,préventif (3 mois) moteur MT,SF01-UT-FDEM-BASSIN-0IP04A-GMOT-0MOTEUR,MOTEUR ELECTRIQUE MT,SF1-ECU,SF01,GM7,AENC OAFF,,360.0,ZP,2.0,Dans une semaine,P1,,BENMOUSSA1,2026-02-23,09:21:16,2026-02-23 00:00:00,09:21:16,BENMOUSSA1,2026-08-13 00:00:00,09:40:21,2026-08-13 00:00:00,09:40:21,,00:00:00,S-PC-924IP04A-M,SF01PEAUMR,4
12807908,4001952815.0,préventif (1 an) moteur MT,SF01-UT-FDEM-BASSIN-0IP04A-GMOT-0MOTEUR,MOTEUR ELECTRIQUE MT,SF1-ECU,SF01,GM7,AENC OAFF,,360.0,ZP,,,P1,,BENMOUSSA1,2026-05-25,09:52:11,2026-05-25 00:00:00,09:52:11,,,00:00:00,2027-05-30 00:00:00,00:00:00,,00:00:00,S-PC-924IP04A-M,SF01PEAUMR,4
13152644,4002285650.0,préventif (1 an) moteur MT,SF01-UT-FDEM-BASSIN-0IP04A-GMOT-0MOTEUR,MOTEUR ELECTRIQUE MT,SF1-ECU,SF01,GM7,AENC OAFF,,360.0,ZP,,,P1,,BENMOUSSA1,2026-07-10,14:40:41,2026-07-10 00:00:00,14:40:41,,,00:00:00,2027-07-19 00:00:00,00:00:00,,00:00:00,S-PC-924IP04A-M,SF01PEAUMR,4
11699621,4000023849.0,préventif (6 mois) moteur MT,SF01-UT-FDEM-BASSIN-0IP04A-GMOT-0MOTEUR,MOTEUR ELECTRIQUE MT,SF1-ECU,SF01,GM7,AENC OAFF,,360.0,ZP,,,P1,,LABIBI,2025-12-08,11:56:16,2025-12-08 00:00:00,11:56:14,,,00:00:00,2025-11-30 00:00:00,00:00:00,,00:00:00,S-PC-924IP04A-M,SF01PEAUMR,4
11425363,4000025613.0,préventif (3 mois) moteur MT,SF01-UT-FDEM-BASSIN-0IP04A-GMOT-0MOTEUR,MOTEUR ELECTRIQUE MT,SF1-ECU,SF01,GM7,AENC OAFF,,360.0,ZP,,,P1,,BENMOUSSA1,2025-10-23,11:26:41,2025-10-23 00:00:00,11:26:29,,,00:00:00,2025-10-20 00:00:00,00:00:00,,00:00:00,S-PC-924IP04A-M,SF01PEAUMR,4
12807764,4001952661.0,préventif (6 mois) moteur MT,SF01-UT-FDEM-BASSIN-0IP04A-GMOT-0MOTEUR,MOTEUR ELECTRIQUE MT,SF1-ECU,SF01,GM7,AENC OAFF,,360.0,ZP,,,P1,,BENMOUSSA1,2026-05-25,09:52:03,2026-05-25 00:00:00,09:52:03,,,00:00:00,2026-11-29 00:00:00,00:00:00,,00:00:00,S-PC-924IP04A-M,SF01PEAUMR,4
13152491,4002285429.0,préventif (6 mois) moteur MT,SF01-UT-FDEM-BASSIN-0IP04A-GMOT-0MOTEUR,MOTEUR ELECTRIQUE MT,SF1-ECU,SF01,GM7,AENC OAFF,,360.0,ZP,,,P1,,BENMOUSSA1,2026-07-10,14:40:35,2026-07-10 00:00:00,14:40:35,,,00:00:00,2027-01-18 00:00:00,00:00:00,,00:00:00,S-PC-924IP04A-M,SF01PEAUMR,4
13152466,4002285399.0,préventif (3 mois) moteur MT,SF01-UT-FDEM-BASSIN-0IP04A-GMOT-0MOTEUR,MOTEUR ELECTRIQUE MT,SF1-ECU,SF01,GM7,AENC OAFF,,360.0,ZP,,,P1,,BENMOUSSA1,2026-07-10,14:40:34,2026-07-10 00:00:00,14:40:34,,,00:00:00,2026-10-19 00:00:00,00:00:00,,00:00:00,S-PC-924IP04A-M,SF01PEAUMR,4
13434308,4002532387.0,préventif (3 mois) moteur MT,SF01-UT-FDEM-BASSIN-0IP04A-GMOT-0MOTEUR,MOTEUR ELECTRIQUE MT,SF1-ECU,SF01,GM7,AENC OAFF,,360.0,ZP,,,P1,,BENMOUSSA1,2026-08-19,08:03:37,2026-08-19 00:00:00,08:03:37,,,00:00:00,2026-11-29 00:00:00,00:00:00,,00:00:00,S-PC-924IP04A-M,SF01PEAUMR,4
11555058,4000704638.0,préventif (6 mois) moteur MT,SF01-UT-FDEM-BASSIN-0IP04A-GMOT-0MOTEUR,MOTEUR ELECTRIQUE MT,SF1-ECU,SF01,GM7,AENC OAFF,,360.0,ZP,2.0,Dans une semaine,P1,,BENMOUSSA1,2025-11-17,08:58:32,2025-11-17 00:00:00,08:58:32,BENMOUSSA1,2026-08-11 00:00:00,17:57:39,2026-08-11 00:00:00,17:57:39,,00:00:00,S-PC-924IP04A-M,SF01PEAUMR,4
12808097,4001953014.0,préventif des cellules MT,SF01-UT-FDEM-BASSIN-0IP04A-GMOT-DEPARTM,DEPART MOTEUR MT,SF1-ECU,SF01,GM7,AENC OAFF,,360.0,ZP,,,P1,,BENMOUSSA1,2026-05-25,09:52:23,2026-05-25 00:00:00,09:52:23,,,00:00:00,2026-11-29 00:00:00,00:00:00,,00:00:00,S-PC-924IP04A-D,SF01PEAUMR,4
11555266,4000704876.0,préventif des cellules MT,SF01-UT-FDEM-BASSIN-0IP04A-GMOT-DEPARTM,DEPART MOTEUR MT,SF1-ECU,SF01,GM7,AENC OAFF,,360.0,ZP,2.0,Dans une semaine,P1,,BENMOUSSA1,2025-11-17,08:58:42,2025-11-17 00:00:00,08:58:42,BENMOUSSA1,2026-08-11 00:00:00,18:16:47,2026-08-11 00:00:00,18:16:47,,00:00:00,S-PC-924IP04A-D,SF01PEAUMR,4
11699578,4000023498.0,préventif des cellules MT,SF01-UT-FDEM-BASSIN-0IP04A-GMOT-DEPARTM,DEPART MOTEUR MT,SF1-ECU,SF01,GM7,AENC OAFF,,360.0,ZP,,,P1,,LABIBI,2025-12-08,11:56:12,2025-12-08 00:00:00,11:56:11,,,00:00:00,2025-11-30 00:00:00,00:00:00,,00:00:00,S-PC-924IP04A-D,SF01PEAUMR,4
13152925,4002285977.0,préventif des cellules MT,SF01-UT-FDEM-BASSIN-0IP04A-GMOT-DEPARTM,DEPART MOTEUR MT,SF1-ECU,SF01,GM7,AENC OAFF,,360.0,ZP,,,P1,,BENMOUSSA1,2026-07-10,14:40:53,2026-07-10 00:00:00,14:40:53,,,00:00:00,2027-01-18 00:00:00,00:00:00,,00:00:00,S-PC-924IP04A-D,SF01PEAUMR,4
13497593,4002591509.0,LUBRIFICATION DES PALIERS,SF01-UT-FDEM-BASSIN-0IP04B,MOTOPOMPE EAU MER VERS PPII IPO4B BASSIN,SF1-MCU,SF01,GM4,AENC OAFF,,350.0,ZP,,,P1,,FATHELLAH,2026-08-29,15:27:06,2026-08-29 00:00:00,15:27:06,,,00:00:00,2026-09-21 00:00:00,00:00:00,,00:00:00,S-PC-P924 IP 04B,SF01PEAUMR,4
13497595,4002591511.0,OMS_MESURE VIBRATOIRE PALIERS,SF01-UT-FDEM-BASSIN-0IP04B,MOTOPOMPE EAU MER VERS PPII IPO4B BASSIN,SF1-MCU,SF01,GM4,AENC OAFF,,290.0,ZP,,,P1,,FATHELLAH,2026-08-29,15:27:06,2026-08-29 00:00:00,15:27:06,,,00:00:00,2026-09-11 00:00:00,00:00:00,,00:00:00,S-PC-P924 IP 04B,SF01PEAUMR,4
13152654,4002285662.0,Préventif systématique,SF01-UT-FDEM-BASSIN-0IP04B-CRSV-924FT404,DEBITMETRE  DES POM DE REFOU IP04 A/B,SF1-RCU,SF01,GM0,AENC OAFF,,360.0,ZP,,,P1,,BENMOUSSA1,2026-07-10,14:40:42,2026-07-10 00:00:00,14:40:42,,,00:00:00,2027-01-18 00:00:00,00:00:00,,00:00:00,S-PC-924 FIT 404 E,SF01PEAUMR,4
13152700,4002285729.0,Préventif systématique,SF01-UT-FDEM-BASSIN-0IP04B-CRSV-924PV009,VANNE DE DECHARGE IP04,SF1-RCU,SF01,GM0,AENC OAFF,,360.0,ZP,,,P1,,BENMOUSSA1,2026-07-10,14:40:44,2026-07-10 00:00:00,14:40:44,,,00:00:00,2026-10-19 00:00:00,00:00:00,,00:00:00,S-PC-924 PV 009 E,SF01PEAUMR,4
13152767,4002285806.0,Préventif systématique,SF01-UT-FDEM-BASSIN-0IP04B-CRSV-924VT677,CAPTEUR DE VIBRATION DE LA POMPE IP04 B,SF1-RCU,SF01,GM0,AENC OAFF,,360.0,ZP,,,P1,,BENMOUSSA1,2026-07-10,14:40:46,2026-07-10 00:00:00,14:40:46,,,00:00:00,2026-10-19 00:00:00,00:00:00,,00:00:00,S-PC-924 VT 677 AE,SF01PEAUMR,4
11425364,4000025614.0,préventif (3 mois) moteur MT,SF01-UT-FDEM-BASSIN-0IP04B-GMOT-0MOTEUR,MOTEUR ELECTRIQUE MT,SF1-ECU,SF01,GM7,AENC OAFF,,360.0,ZP,,,P1,,BENMOUSSA1,2025-10-23,11:27:47,2025-10-23 00:00:00,11:27:35,,,00:00:00,2025-10-20 00:00:00,00:00:00,,00:00:00,S-PC-924IP04B-M,SF01PEAUMR,4
13152503,4002285443.0,préventif (6 mois) moteur MT,SF01-UT-FDEM-BASSIN-0IP04B-GMOT-0MOTEUR,MOTEUR ELECTRIQUE MT,SF1-ECU,SF01,GM7,AENC OAFF,,360.0,ZP,,,P1,,BENMOUSSA1,2026-07-10,14:40:35,2026-07-10 00:00:00,14:40:35,,,00:00:00,2027-01-18 00:00:00,00:00:00,,00:00:00,S-PC-924IP04B-M,SF01PEAUMR,4
13152475,4002285410.0,préventif (3 mois) moteur MT,SF01-UT-FDEM-BASSIN-0IP04B-GMOT-0MOTEUR,MOTEUR ELECTRIQUE MT,SF1-ECU,SF01,GM7,AENC OAFF,,360.0,ZP,,,P1,,BENMOUSSA1,2026-07-10,14:40:34,2026-07-10 00:00:00,14:40:34,,,00:00:00,2026-10-19 00:00:00,00:00:00,,00:00:00,S-PC-924IP04B-M,SF01PEAUMR,4
12807790,4001952667.0,préventif (6 mois) moteur MT,SF01-UT-FDEM-BASSIN-0IP04B-GMOT-0MOTEUR,MOTEUR ELECTRIQUE MT,SF1-ECU,SF01,GM7,AENC OAFF,,360.0,ZP,,,P1,,BENMOUSSA1,2026-05-25,09:52:03,2026-05-25 00:00:00,09:52:03,,,00:00:00,2026-11-29 00:00:00,00:00:00,,00:00:00,S-PC-924IP04B-M,SF01PEAUMR,4
13434314,4002532393.0,préventif (3 mois) moteur MT,SF01-UT-FDEM-BASSIN-0IP04B-GMOT-0MOTEUR,MOTEUR ELECTRIQUE MT,SF1-ECU,SF01,GM7,AENC OAFF,,360.0,ZP,,,P1,,BENMOUSSA1,2026-08-19,08:03:37,2026-08-19 00:00:00,08:03:37,,,00:00:00,2026-11-29 00:00:00,00:00:00,,00:00:00,S-PC-924IP04B-M,SF01PEAUMR,4
11739833,4000023855.0,préventif (6 mois) moteur MT,SF01-UT-FDEM-BASSIN-0IP04B-GMOT-0MOTEUR,MOTEUR ELECTRIQUE MT,SF1-ECU,SF01,GM7,AENC OAFF,,360.0,ZP,,,P1,,LABIBI,2025-12-18,10:16:36,2025-12-18 00:00:00,10:16:35,,,00:00:00,2025-11-30 00:00:00,00:00:00,,00:00:00,S-PC-924IP04B-M,SF01PEAUMR,4
12807931,4001952818.0,préventif (1 an) moteur MT,SF01-UT-FDEM-BASSIN-0IP04B-GMOT-0MOTEUR,MOTEUR ELECTRIQUE MT,SF1-ECU,SF01,GM7,AENC OAFF,,360.0,ZP,,,P1,,BENMOUSSA1,2026-05-25,09:52:12,2026-05-25 00:00:00,09:52:12,,,00:00:00,2027-05-30 00:00:00,00:00:00,,00:00:00,S-PC-924IP04B-M,SF01PEAUMR,4
13152652,4002285660.0,préventif (1 an) moteur MT,SF01-UT-FDEM-BASSIN-0IP04B-GMOT-0MOTEUR,MOTEUR ELECTRIQUE MT,SF1-ECU,SF01,GM7,AENC OAFF,,360.0,ZP,,,P1,,BENMOUSSA1,2026-07-10,14:40:42,2026-07-10 00:00:00,14:40:42,,,00:00:00,2027-07-19 00:00:00,00:00:00,,00:00:00,S-PC-924IP04B-M,SF01PEAUMR,4
13152932,4002285986.0,préventif des cellules MT,SF01-UT-FDEM-BASSIN-0IP04B-GMOT-DEPARTM,DEPART MOTEUR MT,SF1-ECU,SF01,GM7,AENC OAFF,,360.0,ZP,,,P1,,BENMOUSSA1,2026-07-10,14:40:53,2026-07-10 00:00:00,14:40:53,,,00:00:00,2027-01-18 00:00:00,00:00:00,,00:00:00,S-PC-924IP04B-D,SF01PEAUMR,4
11739962,4000023581.0,préventif des cellules MT,SF01-UT-FDEM-BASSIN-0IP04B-GMOT-DEPARTM,DEPART MOTEUR MT,SF1-ECU,SF01,GM7,AENC OAFF,,360.0,ZP,,,P1,,LABIBI,2025-12-18,10:20:59,2025-12-18 00:00:00,10:20:58,,,00:00:00,2025-11-30 00:00:00,00:00:00,,00:00:00,S-PC-924IP04B-D,SF01PEAUMR,4
12808098,4001953016.0,préventif des cellules MT,SF01-UT-FDEM-BASSIN-0IP04B-GMOT-DEPARTM,DEPART MOTEUR MT,SF1-ECU,SF01,GM7,AENC OAFF,,360.0,ZP,,,P1,,BENMOUSSA1,2026-05-25,09:52:23,2026-05-25 00:00:00,09:52:23,,,00:00:00,2026-11-29 00:00:00,00:00:00,,00:00:00,S-PC-924IP04B-D,SF01PEAUMR,4
11729026,,Installation échafaudage au niveau IP02A,SF01-UT-FDEM-BASSIN-0IP02A,MOTOPOMPE EAU MER VERS SEM2 IPO2A MC,SF1-GCMC,SF01,GMD,AOUV,,,ZU,1.0,Urgent,U1,EL GNAOUI,EL GNAOUI,2025-12-16,17:36:41,2025-12-16 00:00:00,17:32:54,,,00:00:00,2025-11-29 00:00:00,17:35:38,,00:00:00,S-PC-P924 IP 02A,SF01PEAUMR,2
13390101,,Moteur de la pompe IP04 B,SF01-UT-FDEM-BASSIN-0IP04B,MOTOPOMPE EAU MER VERS PPII IPO4B BASSIN,SF1-ECU,SF01,GM7,AOUV,,,ZU,1.0,Urgent,U1,EL GNAOUI,EL GNAOUI,2026-08-10,15:20:06,2026-08-10 00:00:00,15:17:32,,,00:00:00,2026-08-10 00:00:00,15:18:58,,00:00:00,S-PC-P924 IP 04B,SF01PEAUMR,4
13005448,,montage échafaudage sur IP04A  au basin,SF01-UT-FDEM-BASSIN-0IP04A,MOTOPOMPE EAU MER VERS PPII IPO4A BASSIN,SF1-GCMC,SF01,GMD,AOUV,APRQ,,ZC,2.0,Dans une semaine,C1,REDOUANE.L,REDOUANE.L,2026-06-22,11:51:59,2026-06-22 00:00:00,11:49:32,,,00:00:00,2026-06-22 00:00:00,11:51:36,,00:00:00,S-PC-P924 IP 04A,SF01PEAUMR,4
13397906,,Révision de la pompe eau de mer IP04A  E,SF01-UT-FDEM-BASSIN-0IP04A,MOTOPOMPE EAU MER VERS PPII IPO4A BASSIN,ACX1-MEC,SF01,GM4,AOUV,APRQ,,ZC,1.0,Urgent,C1,FATHELLAH,FATHELLAH,2026-08-12,10:35:04,2026-08-12 00:00:00,10:30:20,,,00:00:00,2026-08-12 00:00:00,10:34:33,,00:00:00,S-PC-P924 IP 04A,SF01PEAUMR,4
12566348,,INSTALLATION D'ECHAFFAUDAGE,SF01-UT-FDEM-BASSIN-0IP01A,MOTOPOMPE EAU MER VERS CENTRALE IPO1A MC,SF1-GCMC,SF01,GMD,AENC,APRV,,ZC,,,C1,BENMOUSSA1,BENMOUSSA1,2026-04-23,14:59:49,2026-04-23 00:00:00,14:52:30,AHMED.BEZZ,2026-04-27 00:00:00,13:42:02,2026-04-23 00:00:00,14:52:30,,00:00:00,S-PC-P924 IP 01A,SF01PEAUMR,1
12920572,,montage échaufadage au niveau ppe ip01a,SF01-UT-FDEM-BASSIN-0IP01A,MOTOPOMPE EAU MER VERS CENTRALE IPO1A MC,SF1-GCMC,SF01,GMD,AOUV,APRV,,ZC,2.0,Dans une semaine,C1,REDOUANE.L,REDOUANE.L,2026-06-09,12:10:24,2026-06-09 00:00:00,12:07:30,AHMED.BEZZ,2026-06-09 00:00:00,13:27:57,2026-06-09 00:00:00,12:10:02,,00:00:00,S-PC-P924 IP 01A,SF01PEAUMR,1
11727679,,montage échafaudage au niveau pompeIP01A,SF01-UT-FDEM-BASSIN-0IP01A,MOTOPOMPE EAU MER VERS CENTRALE IPO1A MC,SF1-GCMC,SF01,GMD,AOUV,APRV,,ZC,1.0,Urgent,C1,REDOUANE.L,REDOUANE.L,2025-12-16,10:31:23,2025-12-16 00:00:00,10:29:48,AHMED.BEZZ,2025-12-23 00:00:00,14:38:43,2025-12-16 00:00:00,10:30:47,,00:00:00,S-PC-P924 IP 01A,SF01PEAUMR,1
12778427,,montage échafau au niveau pompe IP03A,SF01-UT-FDEM-BASSIN-0IP03A,MOTOPOMPE EAU MER VERS PSII IPO3A BASSIN,SF1-GCMC,SF01,GMD,AOUV,APRV,,ZC,2.0,Dans une semaine,C1,REDOUANE.L,REDOUANE.L,2026-05-21,11:41:20,2026-05-21 00:00:00,11:37:37,AHMED.BEZZ,2026-05-26 00:00:00,12:21:36,2026-05-21 00:00:00,11:40:59,,00:00:00,S-PC-P924 IP 03A,SF01PEAUMR,3
12641286,,INSTALLATION D'ECHAFFAUDAGE IP03A,SF01-UT-FDEM-BASSIN-0IP03A-GMOT,GROUPE MOTEUR,SF1-GCMC,SF01,GMD,AOUV,APRV,,ZC,,,C1,BENMOUSSA1,BENMOUSSA1,2026-04-29,09:36:24,2026-04-29 00:00:00,09:27:15,AHMED.BEZZ,2026-04-29 00:00:00,13:40:04,2026-04-29 00:00:00,09:27:15,,00:00:00,,SF01SLFPS4,3
11727602,,montage échafaudage au niveau pompeIP04A,SF01-UT-FDEM-BASSIN-0IP04A,MOTOPOMPE EAU MER VERS PPII IPO4A BASSIN,SF1-GCMC,SF01,GMD,AOUV,APRV,,ZC,1.0,Urgent,C1,REDOUANE.L,REDOUANE.L,2025-12-16,10:00:11,2025-12-16 00:00:00,09:55:14,AHMED.BEZZ,2025-12-23 00:00:00,14:36:51,2025-12-16 00:00:00,09:59:34,,00:00:00,S-PC-P924 IP 04A,SF01PEAUMR,4
12464398,,Défaut de jeu,SF01-UT-FDEM-BASSIN-0IP04A-GMOT,GROUPE MOTEUR,SF1-ECU,SF01,GM7,AOUV,REJT,,ZO,2.0,Dans une semaine,O1,H.BAY,H.BAY,2026-04-05,22:03:38,2026-04-05 00:00:00,22:00:17,ISTA,2026-04-13 00:00:00,18:13:45,2026-04-05 00:00:00,22:00:50,,00:00:00,,SF01SLFPS4,4
