date,pompe,point,temperature,H,V,A,defaut_detecte
2023-09-11,1,moteur_DE,57.6,2.11,2.05,1.4,0
2023-09-11,1,moteur_NDE,52.0,1.9,1.84,2.09,0
2023-09-11,1,pompe,50.6,2.28,2.33,2.46,0
2023-09-11,2,moteur_DE,60.9,2.27,2.74,5.07,1
2023-09-11,2,moteur_NDE,52.6,2.34,1.72,2.11,0
2023-09-11,2,pompe,45.1,2.59,2.54,2.76,0
2023-09-11,4,moteur_DE,54.4,1.34,2.19,2.0,0
2023-09-11,4,moteur_NDE,52.1,2.19,2.08,1.89,0
2023-09-11,4,pompe,50.8,2.57,2.35,2.78,0
2023-09-18,1,moteur_DE,53.1,2.09,2.32,2.1,0
2023-09-18,1,moteur_NDE,58.1,6.68,2.04,1.86,1
2023-09-18,1,pompe,51.4,2.56,2.6,2.37,0
2023-09-18,2,moteur_DE,56.5,1.8,2.81,2.16,0
2023-09-18,2,moteur_NDE,54.1,2.29,1.55,1.57,0
2023-09-18,2,pompe,51.6,2.78,2.79,2.79,0
2023-09-18,3,moteur_DE,55.7,2.09,2.79,2.03,0
2023-09-18,3,moteur_NDE,50.7,2.18,1.81,2.6,0
2023-09-18,3,pompe,46.4,2.81,2.83,2.68,0
2023-09-18,4,moteur_DE,54.1,1.95,2.5,2.09,0
2023-09-18,4,moteur_NDE,52.1,1.58,2.09,2.65,0
2023-09-18,4,pompe,50.5,2.71,2.31,2.82,0
2023-09-25,1,moteur_DE,58.0,2.08,1.39,2.03,0
2023-09-25,1,moteur_NDE,51.2,1.97,1.97,1.58,0
2023-09-25,1,pompe,50.3,2.76,2.59,2.69,0
2023-09-25,2,moteur_DE,54.4,2.5,2.21,2.67,0
2023-09-25,2,moteur_NDE,54.5,1.65,2.27,1.82,0
2023-09-25,2,pompe,49.6,2.41,2.21,2.59,0
2023-09-25,3,moteur_DE,57.5,2.41,2.06,2.45,0
2023-09-25,3,moteur_NDE,50.9,1.81,2.19,1.9,0
2023-09-25,3,pompe,49.0,2.03,2.42,2.43,0
2023-09-25,4,moteur_DE,52.4,1.82,2.19,2.78,0
2023-09-25,4,moteur_NDE,53.0,1.8,1.43,2.11,0
2023-09-25,4,pompe,46.9,2.01,2.51,2.51,0
2023-10-02,1,moteur_DE,53.7,2.47,2.01,2.39,0
2023-10-02,1,moteur_NDE,51.8,2.11,2.54,2.0,0
2023-10-02,1,pompe,48.4,2.48,2.65,2.46,0
2023-10-02,2,moteur_DE,52.1,2.06,2.36,2.49,0
2023-10-02,2,moteur_NDE,50.7,1.89,1.82,1.89,0
2023-10-02,2,pompe,52.7,3.03,2.69,2.97,0
2023-10-02,3,moteur_DE,55.1,2.02,2.56,2.08,0
2023-10-02,3,moteur_NDE,50.5,2.22,2.71,2.2,0
2023-10-02,3,pompe,50.9,2.6,2.51,2.25,0
2023-10-02,4,moteur_DE,52.2,1.87,2.2,2.0,0
2023-10-02,4,moteur_NDE,52.1,2.18,2.39,2.5,0
2023-10-02,4,pompe,51.0,2.58,2.51,3.33,0
2023-10-09,1,moteur_DE,52.3,2.09,1.92,2.48,0
2023-10-09,1,moteur_NDE,51.6,1.85,1.54,2.46,0
2023-10-09,1,pompe,52.2,1.94,2.15,2.09,0
2023-10-09,2,moteur_DE,56.4,2.5,2.51,1.85,0
2023-10-09,2,moteur_NDE,51.9,1.82,2.59,1.73,0
2023-10-09,2,pompe,50.7,3.18,2.38,2.46,0
2023-10-09,3,moteur_DE,55.0,2.24,2.21,2.35,0
2023-10-09,3,moteur_NDE,52.0,2.36,2.62,2.67,0
2023-10-09,3,pompe,48.8,2.54,2.75,2.78,0
2023-10-09,4,moteur_DE,54.7,2.1,1.9,2.68,0
2023-10-09,4,moteur_NDE,52.7,1.72,1.33,1.7,0
2023-10-09,4,pompe,49.3,2.56,2.22,2.43,0
2023-10-16,1,moteur_DE,55.2,2.28,2.08,2.39,0
2023-10-16,1,moteur_NDE,49.9,2.02,1.83,2.0,0
2023-10-16,1,pompe,48.7,2.66,2.73,2.5,0
2023-10-16,2,moteur_DE,52.3,2.52,1.93,2.14,0
2023-10-16,2,moteur_NDE,50.6,2.17,1.7,1.62,0
2023-10-16,2,pompe,48.7,2.83,2.77,2.78,0
2023-10-16,3,moteur_DE,53.5,2.2,1.77,2.38,0
2023-10-16,3,moteur_NDE,54.0,2.26,2.34,1.24,0
2023-10-16,3,pompe,49.8,2.72,1.85,3.01,0
2023-10-16,4,moteur_DE,55.6,2.6,2.41,2.32,0
2023-10-16,4,moteur_NDE,55.4,1.97,2.24,1.55,0
2023-10-16,4,pompe,48.2,2.43,2.34,2.09,0
2023-10-23,1,moteur_DE,53.5,2.46,2.33,2.27,0
2023-10-23,1,moteur_NDE,52.3,2.08,1.87,1.7,0
2023-10-23,1,pompe,49.7,2.54,2.56,2.37,0
2023-10-23,2,moteur_DE,56.2,1.7,2.63,1.99,0
2023-10-23,2,moteur_NDE,51.4,1.67,2.32,2.57,0
2023-10-23,2,pompe,48.3,2.25,2.34,2.68,0
2023-10-23,3,moteur_DE,53.9,2.64,2.39,2.3,0
2023-10-23,3,moteur_NDE,50.0,2.11,1.82,2.04,0
2023-10-23,3,pompe,51.4,2.53,2.27,2.71,0
2023-10-23,4,moteur_DE,53.7,2.1,1.77,2.46,0
2023-10-23,4,moteur_NDE,51.5,2.22,1.93,1.82,0
2023-10-23,4,pompe,49.6,2.56,2.38,2.71,0
2023-10-30,1,moteur_DE,52.1,2.27,2.23,2.26,0
2023-10-30,1,moteur_NDE,53.6,1.68,1.93,2.45,0
2023-10-30,1,pompe,51.2,2.69,2.53,2.67,0
2023-10-30,2,moteur_DE,56.6,2.25,2.15,2.48,0
2023-10-30,2,moteur_NDE,51.0,2.48,1.81,2.38,0
2023-10-30,2,pompe,51.3,2.91,2.3,2.95,0
2023-10-30,3,moteur_DE,55.5,2.42,2.66,2.54,0
2023-10-30,3,moteur_NDE,50.7,2.06,2.31,2.0,0
2023-10-30,3,pompe,46.7,3.1,3.04,2.33,0
2023-10-30,4,moteur_DE,54.5,2.76,2.65,2.01,0
2023-10-30,4,moteur_NDE,53.7,2.08,1.96,2.41,0
2023-10-30,4,pompe,47.9,2.52,2.62,2.85,0
2023-11-06,1,moteur_DE,57.0,2.27,1.94,2.55,0
2023-11-06,1,moteur_NDE,51.8,2.25,1.97,2.17,0
2023-11-06,1,pompe,48.7,2.92,2.44,2.15,0
2023-11-06,2,moteur_DE,55.7,2.49,2.1,2.56,0
2023-11-06,2,moteur_NDE,52.4,1.67,2.16,1.65,0
2023-11-06,2,pompe,48.4,2.89,2.34,2.41,0
2023-11-06,3,moteur_DE,53.0,2.4,2.65,2.12,0
2023-11-06,3,moteur_NDE,53.5,2.03,2.08,2.41,0
2023-11-06,3,pompe,50.8,2.74,2.69,2.89,0
2023-11-06,4,moteur_DE,53.8,2.2,2.26,2.0,0
2023-11-06,4,moteur_NDE,53.2,2.3,1.82,2.36,0
2023-11-06,4,pompe,49.1,2.66,2.75,2.59,0
2023-11-13,1,moteur_DE,55.8,1.9,2.86,2.16,0
2023-11-13,1,moteur_NDE,51.6,1.85,2.12,1.94,0
2023-11-13,1,pompe,49.4,2.57,2.42,2.54,0
2023-11-13,2,moteur_DE,54.5,1.97,1.98,2.6,0
2023-11-13,2,moteur_NDE,51.1,2.3,2.27,2.6,0
2023-11-13,2,pompe,49.4,2.78,2.53,2.58,0
2023-11-13,3,moteur_DE,54.6,1.79,2.52,2.86,0
2023-11-13,3,moteur_NDE,51.7,2.4,2.3,1.9,0
2023-11-13,3,pompe,51.2,2.6,2.19,1.99,0
2023-11-13,4,moteur_DE,56.6,1.88,2.18,1.96,0
2023-11-13,4,moteur_NDE,55.2,2.53,1.92,2.14,0
2023-11-13,4,pompe,51.4,2.5,1.94,2.37,0
2023-11-20,1,moteur_DE,52.7,2.02,2.45,2.53,0
2023-11-20,1,moteur_NDE,51.7,1.99,2.02,2.08,0
2023-11-20,1,pompe,50.9,2.94,2.67,2.54,0
2023-11-20,2,moteur_DE,55.6,2.94,2.21,2.17,0
2023-11-20,2,moteur_NDE,50.9,1.71,2.26,2.26,0
2023-11-20,2,pompe,48.0,2.26,2.42,2.74,0
2023-11-20,3,moteur_DE,52.9,1.99,2.33,1.95,0
2023-11-20,3,moteur_NDE,52.9,2.01,1.45,2.16,0
2023-11-20,3,pompe,51.3,2.2,2.59,2.8,0
2023-11-20,4,moteur_DE,54.5,1.91,2.04,2.13,0
2023-11-20,4,moteur_NDE,51.2,2.19,2.25,1.63,0
2023-11-20,4,pompe,48.0,2.82,2.75,2.93,0
2023-11-27,1,moteur_DE,55.9,2.55,1.7,2.18,0
2023-11-27,1,moteur_NDE,51.7,2.3,2.53,2.13,0
2023-11-27,1,pompe,48.0,2.79,2.27,2.9,0
2023-11-27,2,moteur_DE,57.6,1.98,2.26,2.4,0
2023-11-27,2,moteur_NDE,49.4,2.01,1.96,1.92,0
2023-11-27,2,pompe,48.4,3.3,2.71,2.89,0
2023-11-27,3,moteur_DE,55.0,2.03,2.35,2.09,0
2023-11-27,3,moteur_NDE,51.0,1.81,2.05,1.9,0
2023-11-27,3,pompe,47.9,2.61,2.98,2.52,0
2023-11-27,4,moteur_DE,54.0,2.42,2.48,2.24,0
2023-11-27,4,moteur_NDE,52.1,2.27,1.34,2.11,0
2023-11-27,4,pompe,50.4,2.84,2.91,2.57,0
2023-12-04,1,moteur_DE,57.9,2.4,2.52,2.16,0
2023-12-04,1,moteur_NDE,52.6,1.64,1.67,1.82,0
2023-12-04,1,pompe,49.5,2.39,3.15,2.6,0
2023-12-04,2,moteur_DE,52.9,2.21,2.02,2.14,0
2023-12-04,2,moteur_NDE,54.0,2.33,1.92,1.84,0
2023-12-04,2,pompe,47.7,2.92,2.07,2.57,0
2023-12-04,3,moteur_DE,54.3,1.62,3.03,2.36,0
2023-12-04,3,moteur_NDE,50.4,1.97,2.19,1.74,0
2023-12-04,3,pompe,49.0,3.07,2.92,1.95,0
2023-12-04,4,moteur_DE,54.0,1.94,2.49,1.8,0
2023-12-04,4,moteur_NDE,50.8,1.82,2.18,1.65,0
2023-12-04,4,pompe,49.1,2.55,2.75,2.53,0
2023-12-11,1,moteur_DE,58.4,2.27,2.5,1.41,0
2023-12-11,1,moteur_NDE,50.6,2.06,1.68,1.44,0
2023-12-11,1,pompe,51.6,2.76,2.13,2.74,0
2023-12-11,2,moteur_DE,56.5,2.55,2.79,2.63,0
2023-12-11,2,moteur_NDE,52.4,2.44,1.74,1.96,0
2023-12-11,2,pompe,48.3,2.28,2.53,2.31,0
2023-12-11,3,moteur_DE,53.6,2.36,2.23,2.39,0
2023-12-11,3,moteur_NDE,53.0,1.6,2.07,1.71,0
2023-12-11,3,pompe,52.3,2.55,2.78,1.9,0
2023-12-11,4,moteur_DE,56.9,2.07,2.29,2.41,0
2023-12-11,4,moteur_NDE,50.8,2.07,1.92,1.85,0
2023-12-11,4,pompe,49.6,2.9,2.17,2.59,0
2023-12-18,1,moteur_DE,55.7,2.18,2.23,1.84,0
2023-12-18,1,moteur_NDE,53.3,1.94,2.26,2.23,0
2023-12-18,1,pompe,48.6,2.46,2.56,3.43,0
2023-12-18,2,moteur_DE,52.7,2.75,2.12,1.83,0
2023-12-18,2,moteur_NDE,48.4,2.23,2.1,2.4,0
2023-12-18,2,pompe,52.1,2.63,2.98,2.82,0
2023-12-18,3,moteur_DE,55.1,2.66,2.13,2.55,0
2023-12-18,3,moteur_NDE,52.7,2.22,2.1,1.83,0
2023-12-18,3,pompe,49.5,2.76,2.11,2.35,0
2023-12-18,4,moteur_DE,57.9,1.68,2.29,2.8,0
2023-12-18,4,moteur_NDE,52.2,2.78,1.95,2.2,0
2023-12-18,4,pompe,49.7,2.37,2.85,2.73,0
2023-12-25,1,moteur_DE,55.5,2.21,2.09,2.09,0
2023-12-25,1,moteur_NDE,51.5,2.14,1.63,1.66,0
2023-12-25,1,pompe,48.6,2.85,2.64,3.23,0
2023-12-25,2,moteur_DE,54.9,2.38,2.08,2.3,0
2023-12-25,2,moteur_NDE,51.2,2.14,1.78,1.75,0
2023-12-25,2,pompe,51.7,2.75,1.89,2.76,0
2023-12-25,3,moteur_DE,53.7,2.03,2.2,2.47,0
2023-12-25,3,moteur_NDE,51.6,2.1,2.36,2.08,0
2023-12-25,3,pompe,49.2,3.3,2.62,2.61,0
2023-12-25,4,moteur_DE,52.8,2.28,2.44,2.5,0
2023-12-25,4,moteur_NDE,53.6,2.23,2.49,1.66,0
2023-12-25,4,pompe,48.6,2.68,2.87,2.8,0
2024-01-01,1,moteur_DE,57.3,2.64,2.39,2.1,0
2024-01-01,1,moteur_NDE,51.4,2.21,2.07,2.09,0
2024-01-01,1,pompe,50.7,2.45,2.58,2.75,0
2024-01-01,2,moteur_DE,53.0,2.07,2.45,2.44,0
2024-01-01,2,moteur_NDE,50.4,2.22,1.94,1.89,0
2024-01-01,2,pompe,47.2,2.03,2.59,3.04,0
2024-01-01,3,moteur_DE,54.3,1.86,2.18,2.29,0
2024-01-01,3,moteur_NDE,53.3,2.25,2.04,2.38,0
2024-01-01,3,pompe,53.2,3.29,2.56,2.39,0
2024-01-01,4,moteur_DE,53.9,2.28,2.45,2.13,0
2024-01-01,4,moteur_NDE,52.4,2.11,1.94,2.59,0
2024-01-01,4,pompe,49.9,2.4,2.96,2.41,0
2024-01-08,1,moteur_DE,54.9,2.86,2.14,2.38,0
2024-01-08,1,moteur_NDE,52.0,2.28,2.01,2.06,0
2024-01-08,1,pompe,52.4,3.11,2.49,2.38,0
2024-01-08,2,moteur_DE,55.5,2.54,2.29,2.49,0
2024-01-08,2,moteur_NDE,52.7,2.07,2.05,2.17,0
2024-01-08,2,pompe,49.7,2.41,2.94,2.97,0
2024-01-08,3,moteur_DE,55.4,2.5,2.83,2.93,0
2024-01-08,3,moteur_NDE,54.9,1.98,2.06,1.99,0
2024-01-08,3,pompe,50.8,2.72,2.74,2.71,0
2024-01-08,4,moteur_DE,56.8,2.0,2.44,2.16,0
2024-01-08,4,moteur_NDE,51.4,1.94,1.41,1.43,0
2024-01-08,4,pompe,51.4,3.25,2.2,2.38,0
2024-01-15,1,moteur_DE,55.1,2.08,2.24,2.01,0
2024-01-15,1,moteur_NDE,50.5,2.1,1.85,2.22,0
2024-01-15,1,pompe,51.7,3.16,3.13,2.72,0
2024-01-15,2,moteur_DE,55.6,2.37,2.0,2.25,0
2024-01-15,2,moteur_NDE,52.1,2.62,1.81,1.74,0
2024-01-15,2,pompe,49.6,2.88,2.45,3.13,0
2024-01-15,3,moteur_DE,55.2,2.31,2.38,2.19,0
2024-01-15,3,moteur_NDE,50.6,1.75,2.23,2.16,0
2024-01-15,3,pompe,51.5,2.46,2.64,2.26,0
2024-01-15,4,moteur_DE,60.5,2.33,2.33,5.65,1
2024-01-15,4,moteur_NDE,52.3,2.29,2.02,2.06,0
2024-01-15,4,pompe,47.9,2.4,2.85,3.41,0
2024-01-22,1,moteur_DE,56.2,2.03,2.04,2.34,0
2024-01-22,1,moteur_NDE,48.8,2.28,2.18,1.99,0
2024-01-22,1,pompe,49.1,3.07,2.24,2.86,0
2024-01-22,2,moteur_DE,54.5,2.15,2.02,1.98,0
2024-01-22,2,moteur_NDE,52.8,1.94,2.06,1.71,0
2024-01-22,2,pompe,48.1,2.23,2.31,2.07,0
2024-01-22,3,moteur_DE,57.1,2.69,2.26,1.71,0
2024-01-22,3,moteur_NDE,53.6,2.11,2.11,2.28,0
2024-01-22,3,pompe,50.3,2.41,2.56,2.4,0
2024-01-22,4,moteur_DE,52.9,2.72,2.85,1.81,0
2024-01-22,4,moteur_NDE,51.1,1.58,2.19,1.84,0
2024-01-22,4,pompe,48.6,2.34,2.47,2.14,0
2024-01-29,1,moteur_DE,57.1,2.3,1.76,2.0,0
2024-01-29,1,moteur_NDE,53.0,1.85,1.58,1.78,0
2024-01-29,1,pompe,47.6,2.73,3.2,3.05,0
2024-01-29,2,moteur_DE,53.2,2.16,2.34,2.87,0
2024-01-29,2,moteur_NDE,50.2,2.4,2.14,2.27,0
2024-01-29,2,pompe,52.0,3.19,2.66,2.42,0
2024-01-29,3,moteur_DE,55.0,2.08,2.37,2.33,0
2024-01-29,3,moteur_NDE,51.0,2.2,1.88,1.61,0
2024-01-29,3,pompe,50.0,2.45,3.17,2.25,0
2024-01-29,4,moteur_DE,56.4,1.99,2.09,2.28,0
2024-01-29,4,moteur_NDE,51.4,2.19,1.65,1.91,0
2024-01-29,4,pompe,51.7,2.7,3.16,2.69,0
2024-02-05,1,moteur_DE,53.6,2.13,2.25,1.9,0
2024-02-05,1,moteur_NDE,54.0,2.16,1.87,1.78,0
2024-02-05,1,pompe,49.6,2.58,2.68,2.59,0
2024-02-05,2,moteur_DE,55.7,2.41,2.35,1.97,0
2024-02-05,2,moteur_NDE,52.5,2.2,2.0,1.7,0
2024-02-05,2,pompe,52.0,2.34,2.88,2.88,0
2024-02-05,3,moteur_DE,55.4,2.1,1.91,2.35,0
2024-02-05,3,moteur_NDE,56.2,1.97,1.64,7.16,1
2024-02-05,3,pompe,50.0,2.13,2.6,2.65,0
2024-02-05,4,moteur_DE,53.6,2.06,2.36,2.19,0
2024-02-05,4,moteur_NDE,50.8,2.45,1.58,2.1,0
2024-02-05,4,pompe,49.7,2.93,2.58,2.49,0
2024-02-12,1,moteur_DE,54.0,2.33,1.78,2.39,0
2024-02-12,1,moteur_NDE,51.4,2.12,1.83,2.75,0
2024-02-12,1,pompe,50.5,2.85,2.7,2.48,0
2024-02-12,2,moteur_DE,55.1,2.17,2.14,2.32,0
2024-02-12,2,moteur_NDE,53.8,1.86,2.23,1.37,0
2024-02-12,2,pompe,47.6,2.13,2.72,2.55,0
2024-02-12,3,moteur_DE,68.2,2.1,8.94,2.06,1
2024-02-12,3,moteur_NDE,53.7,2.5,1.53,2.2,0
2024-02-12,3,pompe,47.0,2.68,2.89,2.96,0
2024-02-12,4,moteur_DE,56.1,1.91,1.95,1.93,0
2024-02-12,4,moteur_NDE,50.8,2.35,2.4,2.43,0
2024-02-12,4,pompe,49.6,2.43,2.46,2.87,0
2024-02-19,1,moteur_DE,54.4,2.01,2.75,1.86,0
2024-02-19,1,moteur_NDE,51.4,1.69,2.16,2.03,0
2024-02-19,1,pompe,52.9,2.26,2.7,2.59,0
2024-02-19,2,moteur_DE,54.6,2.42,1.66,2.02,0
2024-02-19,2,moteur_NDE,48.3,2.08,2.28,2.07,0
2024-02-19,2,pompe,49.5,2.88,2.45,2.41,0
2024-02-19,3,moteur_DE,54.9,1.74,1.93,1.81,0
2024-02-19,3,moteur_NDE,55.4,2.06,2.17,1.97,0
2024-02-19,3,pompe,48.8,3.16,2.24,2.71,0
2024-02-19,4,moteur_DE,57.5,2.07,2.18,2.11,0
2024-02-19,4,moteur_NDE,53.1,1.89,1.91,1.93,0
2024-02-19,4,pompe,50.7,2.89,2.55,2.51,0
2024-02-26,1,moteur_DE,55.9,2.04,2.77,2.38,0
2024-02-26,1,moteur_NDE,52.9,2.27,1.91,2.17,0
2024-02-26,1,pompe,47.9,2.44,2.66,2.43,0
2024-02-26,2,moteur_DE,55.5,2.05,2.04,2.77,0
2024-02-26,2,moteur_NDE,50.9,2.04,2.07,1.84,0
2024-02-26,2,pompe,49.1,2.76,2.96,2.53,0
2024-02-26,3,moteur_DE,54.7,2.4,2.8,1.52,0
2024-02-26,3,moteur_NDE,51.9,2.44,2.02,2.16,0
2024-02-26,3,pompe,50.2,2.6,2.49,2.69,0
2024-02-26,4,moteur_DE,53.0,1.98,2.63,2.4,0
2024-02-26,4,moteur_NDE,50.7,2.2,2.36,2.34,0
2024-02-26,4,pompe,54.1,2.72,2.37,5.35,1
2024-03-04,1,moteur_DE,54.8,1.9,2.24,2.39,0
2024-03-04,1,moteur_NDE,51.4,2.05,1.49,1.67,0
2024-03-04,1,pompe,50.5,2.27,3.49,2.61,0
2024-03-04,2,moteur_DE,55.0,2.23,2.8,2.64,0
2024-03-04,2,moteur_NDE,54.4,1.81,1.9,2.19,0
2024-03-04,2,pompe,51.3,2.59,2.44,2.88,0
2024-03-04,3,moteur_DE,54.8,2.66,2.02,2.23,0
2024-03-04,3,moteur_NDE,53.6,2.02,1.89,2.12,0
2024-03-04,3,pompe,48.6,2.52,2.65,3.38,0
2024-03-04,4,moteur_DE,55.7,2.48,2.15,1.97,0
2024-03-04,4,moteur_NDE,52.6,1.18,1.66,2.07,0
2024-03-04,4,pompe,49.9,1.93,2.39,2.91,0
2024-03-11,1,moteur_DE,56.5,2.64,2.44,2.01,0
2024-03-11,1,moteur_NDE,50.9,2.27,2.75,1.92,0
2024-03-11,1,pompe,52.7,2.86,2.41,2.42,0
2024-03-11,2,moteur_DE,56.6,1.69,1.93,1.73,0
2024-03-11,2,moteur_NDE,50.4,2.2,2.22,2.11,0
2024-03-11,2,pompe,50.4,2.94,2.41,2.75,0
2024-03-11,3,moteur_DE,55.8,1.52,2.44,1.97,0
2024-03-11,3,moteur_NDE,51.4,1.74,2.38,2.02,0
2024-03-11,3,pompe,51.2,2.7,2.66,2.31,0
2024-03-11,4,moteur_DE,52.0,1.98,2.34,1.67,0
2024-03-11,4,moteur_NDE,53.8,1.92,1.86,2.22,0
2024-03-11,4,pompe,51.3,2.77,2.4,3.18,0
2024-03-18,1,moteur_DE,51.4,2.71,2.07,2.54,0
2024-03-18,1,moteur_NDE,54.3,1.63,2.15,1.96,0
2024-03-18,1,pompe,50.4,2.33,2.81,3.03,0
2024-03-18,2,moteur_DE,54.2,2.38,1.67,2.33,0
2024-03-18,2,moteur_NDE,50.6,1.96,2.1,1.77,0
2024-03-18,2,pompe,48.5,2.74,2.96,2.6,0
2024-03-18,3,moteur_DE,53.4,2.39,2.28,2.15,0
2024-03-18,3,moteur_NDE,50.9,2.34,2.09,1.79,0
2024-03-18,3,pompe,50.4,2.34,2.72,3.21,0
2024-03-18,4,moteur_DE,54.0,2.19,2.04,2.19,0
2024-03-18,4,moteur_NDE,51.7,2.26,1.89,2.31,0
2024-03-18,4,pompe,48.2,2.37,2.93,2.39,0
2024-03-25,1,moteur_DE,57.1,2.43,1.96,1.82,0
2024-03-25,1,moteur_NDE,52.5,2.37,2.44,1.69,0
2024-03-25,1,pompe,49.2,2.27,3.0,2.81,0
2024-03-25,2,moteur_DE,57.7,2.56,2.23,2.5,0
2024-03-25,2,moteur_NDE,53.5,1.96,2.33,2.08,0
2024-03-25,2,pompe,49.7,2.74,3.11,2.71,0
2024-03-25,3,moteur_DE,54.8,1.95,2.5,2.09,0
2024-03-25,3,moteur_NDE,51.8,2.29,2.04,1.81,0
2024-03-25,3,pompe,49.8,2.34,2.86,2.48,0
2024-03-25,4,moteur_DE,53.0,1.93,2.06,1.97,0
2024-03-25,4,moteur_NDE,51.1,1.69,1.71,1.7,0
2024-03-25,4,pompe,51.2,2.95,2.66,2.83,0
2024-04-01,1,moteur_DE,54.3,2.0,2.49,1.89,0
2024-04-01,1,moteur_NDE,48.5,2.21,2.24,1.74,0
2024-04-01,1,pompe,48.1,2.43,3.14,2.27,0
2024-04-01,2,moteur_DE,54.4,2.35,2.09,2.42,0
2024-04-01,2,moteur_NDE,53.4,2.32,1.56,2.21,0
2024-04-01,2,pompe,50.2,2.74,2.6,2.3,0
2024-04-01,3,moteur_DE,54.2,2.41,2.5,2.27,0
2024-04-01,3,moteur_NDE,53.0,1.94,2.29,2.5,0
2024-04-01,3,pompe,47.7,2.53,2.7,3.23,0
2024-04-01,4,moteur_DE,54.9,2.45,2.15,1.97,0
2024-04-01,4,moteur_NDE,53.2,2.02,2.34,1.73,0
2024-04-01,4,pompe,50.6,2.49,2.08,1.82,0
2024-04-08,1,moteur_DE,56.0,2.03,2.28,2.35,0
2024-04-08,1,moteur_NDE,50.8,1.84,2.08,2.06,0
2024-04-08,1,pompe,50.0,2.75,2.27,2.32,0
2024-04-08,2,moteur_DE,54.0,1.73,1.97,2.13,0
2024-04-08,2,moteur_NDE,49.3,2.19,2.04,2.06,0
2024-04-08,2,pompe,50.0,2.77,2.62,2.37,0
2024-04-08,3,moteur_DE,53.1,2.15,2.28,2.07,0
2024-04-08,3,moteur_NDE,48.9,2.04,2.16,2.35,0
2024-04-08,3,pompe,48.6,2.44,3.25,2.36,0
2024-04-08,4,moteur_DE,54.5,2.0,2.01,2.24,0
2024-04-08,4,moteur_NDE,52.4,1.89,2.41,2.19,0
2024-04-08,4,pompe,50.5,1.97,2.69,2.1,0
2024-04-15,1,moteur_DE,54.9,2.2,1.56,2.56,0
2024-04-15,1,moteur_NDE,51.4,1.83,2.02,1.96,0
2024-04-15,1,pompe,49.0,2.9,2.81,3.04,0
2024-04-15,2,moteur_DE,52.0,2.48,1.97,2.01,0
2024-04-15,2,moteur_NDE,52.1,2.09,1.76,1.77,0
2024-04-15,2,pompe,48.9,2.58,2.87,2.48,0
2024-04-15,3,moteur_DE,54.7,2.55,2.25,2.61,0
2024-04-15,3,moteur_NDE,54.6,1.94,1.8,2.04,0
2024-04-15,3,pompe,50.1,2.48,2.78,2.61,0
2024-04-15,4,moteur_DE,55.0,1.97,2.42,2.05,0
2024-04-15,4,moteur_NDE,57.1,7.3,2.12,1.79,1
2024-04-15,4,pompe,49.6,2.72,2.41,2.32,0
2024-04-22,1,moteur_DE,55.3,1.87,2.39,2.49,0
2024-04-22,1,moteur_NDE,52.2,1.52,2.44,1.57,0
2024-04-22,1,pompe,50.4,2.31,2.6,2.43,0
2024-04-22,2,moteur_DE,54.3,2.0,1.93,2.42,0
2024-04-22,2,moteur_NDE,54.1,1.89,1.64,1.9,0
2024-04-22,2,pompe,51.2,2.82,2.51,2.56,0
2024-04-22,3,moteur_DE,54.4,2.14,2.26,2.34,0
2024-04-22,3,moteur_NDE,53.0,1.92,2.05,2.92,0
2024-04-22,3,pompe,48.8,2.78,2.65,2.34,0
2024-04-22,4,moteur_DE,55.3,2.4,1.99,1.85,0
2024-04-22,4,moteur_NDE,51.9,1.85,2.09,1.73,0
2024-04-22,4,pompe,50.8,2.84,3.17,3.02,0
2024-04-29,1,moteur_DE,54.2,2.36,1.96,2.1,0
2024-04-29,1,moteur_NDE,49.3,2.46,1.98,2.46,0
2024-04-29,1,pompe,49.4,3.04,2.76,2.53,0
2024-04-29,2,moteur_DE,53.4,2.09,2.13,2.46,0
2024-04-29,2,moteur_NDE,52.8,2.24,1.92,1.68,0
2024-04-29,2,pompe,50.7,2.23,2.68,2.76,0
2024-04-29,3,moteur_DE,55.4,2.56,1.81,1.69,0
2024-04-29,3,moteur_NDE,50.5,2.37,2.11,1.76,0
2024-04-29,3,pompe,50.3,2.63,2.74,2.91,0
2024-04-29,4,moteur_DE,56.3,2.42,1.95,2.09,0
2024-04-29,4,moteur_NDE,55.6,1.69,1.96,6.83,1
2024-04-29,4,pompe,49.8,2.45,2.97,2.92,0
2024-05-06,1,moteur_DE,54.5,2.69,2.2,2.35,0
2024-05-06,1,moteur_NDE,52.3,2.18,2.43,2.13,0
2024-05-06,1,pompe,48.9,2.99,2.63,2.49,0
2024-05-06,2,moteur_DE,61.1,7.54,2.3,2.4,1
2024-05-06,2,moteur_NDE,52.8,2.45,2.19,1.81,0
2024-05-06,2,pompe,50.5,2.29,3.24,2.06,0
2024-05-06,3,moteur_DE,55.5,1.96,2.65,2.03,0
2024-05-06,3,moteur_NDE,55.0,2.78,2.27,1.98,0
2024-05-06,3,pompe,48.8,2.48,2.89,2.55,0
2024-05-06,4,moteur_DE,56.9,2.7,1.95,1.88,0
2024-05-06,4,moteur_NDE,51.5,2.05,2.15,2.32,0
2024-05-06,4,pompe,50.8,2.94,2.77,2.15,0
2024-05-13,1,moteur_DE,54.3,2.31,1.81,2.83,0
2024-05-13,1,moteur_NDE,53.5,2.25,2.49,2.13,0
2024-05-13,1,pompe,51.1,2.31,2.23,2.37,0
2024-05-13,2,moteur_DE,57.7,2.12,2.08,1.97,0
2024-05-13,2,moteur_NDE,58.4,2.55,1.91,7.18,1
2024-05-13,2,pompe,51.0,2.31,2.33,2.59,0
2024-05-13,3,moteur_DE,62.8,2.22,2.26,7.56,1
2024-05-13,3,moteur_NDE,50.1,1.67,2.29,2.86,0
2024-05-13,3,pompe,49.7,2.84,3.07,2.31,0
2024-05-13,4,moteur_DE,54.3,2.2,2.63,2.22,0
2024-05-13,4,moteur_NDE,49.3,1.81,2.2,1.58,0
2024-05-13,4,pompe,55.3,2.29,5.5,1.8,1
2024-05-20,1,moteur_DE,55.2,2.41,1.59,2.02,0
2024-05-20,1,moteur_NDE,53.5,1.95,2.28,2.5,0
2024-05-20,1,pompe,52.8,2.73,2.47,2.44,0
2024-05-20,2,moteur_DE,56.5,2.35,2.02,1.9,0
2024-05-20,2,moteur_NDE,51.5,1.57,1.84,1.08,0
2024-05-20,2,pompe,50.3,2.91,2.34,2.74,0
2024-05-20,3,moteur_DE,53.7,2.27,2.42,2.24,0
2024-05-20,3,moteur_NDE,50.6,1.94,1.75,1.71,0
2024-05-20,3,pompe,51.6,3.05,1.69,2.39,0
2024-05-20,4,moteur_DE,54.9,1.75,2.05,1.99,0
2024-05-20,4,moteur_NDE,52.2,2.06,2.03,1.99,0
2024-05-20,4,pompe,51.2,2.55,2.38,2.29,0
2024-05-27,1,moteur_DE,56.4,1.82,2.12,2.21,0
2024-05-27,1,moteur_NDE,50.4,1.82,1.84,2.29,0
2024-05-27,1,pompe,48.7,3.39,2.76,2.9,0
2024-05-27,2,moteur_DE,57.3,2.35,2.39,1.79,0
2024-05-27,2,moteur_NDE,50.9,2.25,2.27,2.87,0
2024-05-27,2,pompe,47.2,2.74,2.33,2.43,0
2024-05-27,3,moteur_DE,54.1,1.93,2.39,2.26,0
2024-05-27,3,moteur_NDE,52.2,1.73,1.93,1.3,0
2024-05-27,3,pompe,48.2,2.48,2.46,1.76,0
2024-05-27,4,moteur_DE,54.5,2.43,1.98,2.15,0
2024-05-27,4,moteur_NDE,51.2,2.16,2.04,2.21,0
2024-05-27,4,pompe,49.7,2.53,2.4,2.62,0
2024-06-03,1,moteur_DE,52.8,2.6,2.27,1.91,0
2024-06-03,1,moteur_NDE,49.5,2.02,1.58,1.99,0
2024-06-03,1,pompe,52.2,2.35,2.6,2.19,0
2024-06-03,2,moteur_DE,54.3,2.13,1.95,2.25,0
2024-06-03,2,moteur_NDE,53.5,1.95,1.79,2.28,0
2024-06-03,2,pompe,50.5,2.48,2.11,2.74,0
2024-06-03,3,moteur_DE,56.8,2.16,1.95,2.16,0
2024-06-03,3,moteur_NDE,54.2,2.1,1.86,1.99,0
2024-06-03,3,pompe,50.4,2.74,3.11,2.37,0
2024-06-03,4,moteur_DE,55.8,2.26,2.09,1.96,0
2024-06-03,4,moteur_NDE,53.9,1.79,2.15,1.68,0
2024-06-03,4,pompe,49.6,3.04,2.91,2.22,0
2024-06-10,1,moteur_DE,61.4,2.32,6.23,2.16,1
2024-06-10,1,moteur_NDE,53.9,1.82,1.82,1.65,0
2024-06-10,1,pompe,48.2,2.7,2.32,3.13,0
2024-06-10,2,moteur_DE,57.5,2.24,2.14,1.82,0
2024-06-10,2,moteur_NDE,51.3,2.14,1.46,2.35,0
2024-06-10,2,pompe,50.7,2.44,2.06,2.81,0
2024-06-10,3,moteur_DE,54.1,2.23,2.28,1.47,0
2024-06-10,3,moteur_NDE,49.8,1.91,2.38,1.83,0
2024-06-10,3,pompe,50.4,2.87,2.36,2.71,0
2024-06-10,4,moteur_DE,53.8,2.59,2.12,2.6,0
2024-06-10,4,moteur_NDE,52.0,1.86,2.14,1.62,0
2024-06-10,4,pompe,47.3,2.26,2.03,2.6,0
2024-06-17,1,moteur_DE,54.9,1.89,1.57,1.76,0
2024-06-17,1,moteur_NDE,50.6,2.09,1.97,2.02,0
2024-06-17,1,pompe,49.7,2.78,2.41,2.75,0
2024-06-17,2,moteur_DE,56.2,2.08,2.33,2.44,0
2024-06-17,2,moteur_NDE,53.4,2.54,1.97,1.82,0
2024-06-17,2,pompe,50.1,2.92,2.87,2.43,0
2024-06-17,3,moteur_DE,55.9,2.42,1.84,2.32,0
2024-06-17,3,moteur_NDE,50.5,2.14,1.65,2.36,0
2024-06-17,3,pompe,51.0,2.81,2.3,2.33,0
2024-06-17,4,moteur_DE,55.1,2.77,2.04,2.6,0
2024-06-17,4,moteur_NDE,54.5,2.32,1.95,1.56,0
2024-06-17,4,pompe,50.0,1.77,3.16,2.99,0
2024-06-24,1,moteur_DE,53.7,1.64,2.46,2.64,0
2024-06-24,1,moteur_NDE,51.4,2.72,1.77,2.05,0
2024-06-24,1,pompe,50.8,2.22,2.49,2.61,0
2024-06-24,2,moteur_DE,54.7,2.33,1.97,2.77,0
2024-06-24,2,moteur_NDE,52.2,2.42,1.76,1.84,0
2024-06-24,2,pompe,50.3,2.84,3.04,2.32,0
2024-06-24,3,moteur_DE,51.4,1.78,2.51,2.27,0
2024-06-24,3,moteur_NDE,54.9,2.2,2.26,1.98,0
2024-06-24,3,pompe,49.8,2.95,2.87,2.67,0
2024-06-24,4,moteur_DE,51.3,2.52,2.5,2.21,0
2024-06-24,4,moteur_NDE,53.0,1.97,1.67,2.23,0
2024-06-24,4,pompe,50.8,3.06,2.53,2.84,0
2024-07-01,1,moteur_DE,54.9,2.62,2.49,2.54,0
2024-07-01,1,moteur_NDE,51.5,1.83,1.77,1.77,0
2024-07-01,1,pompe,48.9,2.64,3.16,2.08,0
2024-07-01,2,moteur_DE,56.6,3.02,2.41,1.79,0
2024-07-01,2,moteur_NDE,51.1,2.06,2.02,1.95,0
2024-07-01,2,pompe,50.5,2.72,2.4,3.14,0
2024-07-01,3,moteur_DE,53.5,2.66,1.79,1.8,0
2024-07-01,3,moteur_NDE,53.3,1.99,1.54,2.36,0
2024-07-01,3,pompe,53.9,2.68,2.55,2.85,0
2024-07-01,4,moteur_DE,56.9,2.26,2.17,2.42,0
2024-07-01,4,moteur_NDE,52.6,2.31,1.82,1.89,0
2024-07-01,4,pompe,48.1,2.86,2.58,2.38,0
2024-07-08,1,moteur_DE,55.2,2.14,2.54,2.04,0
2024-07-08,1,moteur_NDE,53.7,2.2,1.77,2.35,0
2024-07-08,1,pompe,51.2,2.16,2.48,2.57,0
2024-07-08,2,moteur_DE,55.9,2.17,2.14,2.33,0
2024-07-08,2,moteur_NDE,59.3,5.54,1.47,2.1,1
2024-07-08,2,pompe,48.8,2.69,2.97,3.02,0
2024-07-08,3,moteur_DE,55.7,2.55,1.82,2.24,0
2024-07-08,3,moteur_NDE,51.6,1.62,1.93,1.74,0
2024-07-08,3,pompe,51.4,2.92,2.22,2.58,0
2024-07-08,4,moteur_DE,56.5,2.55,2.55,2.04,0
2024-07-08,4,moteur_NDE,55.7,1.8,2.3,5.56,1
2024-07-08,4,pompe,50.4,2.29,2.79,2.93,0
2024-07-15,1,moteur_DE,56.8,2.28,2.36,2.57,0
2024-07-15,1,moteur_NDE,53.3,1.57,1.82,2.03,0
2024-07-15,1,pompe,49.6,2.25,2.08,2.5,0
2024-07-15,2,moteur_DE,56.9,2.15,2.17,1.87,0
2024-07-15,2,moteur_NDE,54.5,1.62,2.24,2.42,0
2024-07-15,2,pompe,48.2,2.57,2.67,2.45,0
2024-07-15,3,moteur_DE,55.0,2.06,2.21,2.28,0
2024-07-15,3,moteur_NDE,51.0,2.39,1.8,1.9,0
2024-07-15,3,pompe,50.7,2.53,2.67,2.61,0
2024-07-15,4,moteur_DE,53.3,2.23,2.19,2.02,0
2024-07-15,4,moteur_NDE,52.4,2.11,1.98,2.61,0
2024-07-15,4,pompe,50.2,2.88,2.64,2.5,0
2024-07-22,1,moteur_DE,56.8,1.93,2.38,2.58,0
2024-07-22,1,moteur_NDE,52.5,2.27,1.9,2.37,0
2024-07-22,1,pompe,49.0,2.12,2.71,2.9,0
2024-07-22,2,moteur_DE,54.6,1.58,1.95,1.96,0
2024-07-22,2,moteur_NDE,52.2,2.53,2.03,2.12,0
2024-07-22,2,pompe,58.6,12.74,2.42,2.87,1
2024-07-22,3,moteur_DE,58.6,2.32,2.42,1.77,0
2024-07-22,3,moteur_NDE,53.8,2.0,1.85,2.21,0
2024-07-22,3,pompe,51.3,2.66,3.14,3.18,0
2024-07-22,4,moteur_DE,54.8,1.53,2.36,2.3,0
2024-07-22,4,moteur_NDE,51.7,1.13,2.49,2.24,0
2024-07-22,4,pompe,58.7,2.51,2.09,6.18,1
2024-07-29,1,moteur_DE,54.1,2.3,1.7,2.28,0
2024-07-29,1,moteur_NDE,51.7,1.89,2.33,2.38,0
2024-07-29,1,pompe,63.5,8.73,2.98,3.06,1
2024-07-29,2,moteur_DE,59.8,2.25,5.1,1.96,1
2024-07-29,2,moteur_NDE,51.4,1.99,1.34,1.59,0
2024-07-29,2,pompe,48.6,2.66,2.44,2.27,0
2024-07-29,3,moteur_DE,54.2,2.34,2.02,2.34,0
2024-07-29,3,moteur_NDE,50.2,2.14,1.85,2.07,0
2024-07-29,3,pompe,48.7,2.27,2.41,2.77,0
2024-07-29,4,moteur_DE,56.1,2.39,1.82,2.6,0
2024-07-29,4,moteur_NDE,50.3,1.66,1.72,2.17,0
2024-07-29,4,pompe,47.8,3.07,3.05,2.62,0
2024-08-05,1,moteur_DE,54.0,2.58,1.66,2.5,0
2024-08-05,1,moteur_NDE,51.0,2.22,2.19,2.1,0
2024-08-05,1,pompe,49.2,2.41,2.93,2.67,0
2024-08-05,2,moteur_DE,55.8,2.11,2.27,2.09,0
2024-08-05,2,moteur_NDE,53.5,1.71,2.19,1.67,0
2024-08-05,2,pompe,51.0,2.67,2.5,2.25,0
2024-08-05,3,moteur_DE,52.6,1.62,2.19,2.24,0
2024-08-05,3,moteur_NDE,52.0,1.92,2.24,2.3,0
2024-08-05,3,pompe,48.7,2.29,2.35,2.5,0
2024-08-05,4,moteur_DE,55.4,2.52,2.09,2.2,0
2024-08-05,4,moteur_NDE,52.6,2.04,1.96,2.59,0
2024-08-05,4,pompe,50.2,2.47,2.59,2.42,0
2024-08-12,1,moteur_DE,54.4,1.82,2.42,2.31,0
2024-08-12,1,moteur_NDE,50.9,2.37,2.11,1.71,0
2024-08-12,1,pompe,51.1,3.05,2.55,2.88,0
2024-08-12,2,moteur_DE,55.9,2.19,2.02,2.37,0
2024-08-12,2,moteur_NDE,55.3,6.5,2.27,2.09,1
2024-08-12,2,pompe,50.2,2.39,2.3,2.89,0
2024-08-12,3,moteur_DE,55.8,2.75,2.12,1.91,0
2024-08-12,3,moteur_NDE,50.0,2.35,2.14,2.0,0
2024-08-12,3,pompe,49.6,2.37,2.7,3.18,0
2024-08-12,4,moteur_DE,55.2,2.12,2.04,2.04,0
2024-08-12,4,moteur_NDE,51.2,2.05,1.92,2.76,0
2024-08-12,4,pompe,50.0,1.92,2.95,2.36,0
2024-08-19,1,moteur_DE,54.3,2.71,2.38,2.36,0
2024-08-19,1,moteur_NDE,53.4,2.31,1.8,1.89,0
2024-08-19,1,pompe,51.9,2.2,2.76,2.67,0
2024-08-19,2,moteur_DE,57.0,1.78,2.09,1.78,0
2024-08-19,2,moteur_NDE,50.4,2.46,2.43,1.61,0
2024-08-19,2,pompe,48.8,2.24,2.85,2.44,0
2024-08-19,3,moteur_DE,56.8,2.61,2.45,2.05,0
2024-08-19,3,moteur_NDE,53.8,1.96,2.28,1.93,0
2024-08-19,3,pompe,50.1,1.96,2.83,2.11,0
2024-08-19,4,moteur_DE,56.1,2.48,1.98,2.04,0
2024-08-19,4,moteur_NDE,51.9,1.42,2.32,2.05,0
2024-08-19,4,pompe,46.2,3.05,2.64,2.7,0
2024-08-26,1,moteur_DE,56.5,1.79,1.8,2.13,0
2024-08-26,1,moteur_NDE,53.0,1.89,1.7,1.59,0
2024-08-26,1,pompe,50.5,2.58,2.4,2.71,0
2024-08-26,2,moteur_DE,56.4,2.38,2.19,1.97,0
2024-08-26,2,moteur_NDE,50.6,2.38,2.38,2.09,0
2024-08-26,2,pompe,48.6,2.94,2.88,2.68,0
2024-08-26,3,moteur_DE,53.9,2.94,2.43,2.81,0
2024-08-26,3,moteur_NDE,52.1,2.06,1.73,1.9,0
2024-08-26,3,pompe,47.6,3.66,2.4,2.47,0
2024-08-26,4,moteur_DE,53.3,2.49,2.21,1.73,0
2024-08-26,4,moteur_NDE,50.0,1.77,2.52,2.13,0
2024-08-26,4,pompe,48.4,2.78,2.4,2.52,0
2024-09-02,1,moteur_DE,56.2,2.17,2.12,1.57,0
2024-09-02,1,moteur_NDE,48.9,2.01,1.37,2.35,0
2024-09-02,1,pompe,51.5,2.89,2.76,2.4,0
2024-09-02,2,moteur_DE,53.0,2.12,2.12,2.11,0
2024-09-02,2,moteur_NDE,54.2,1.99,1.99,2.08,0
2024-09-02,2,pompe,50.8,2.45,2.37,2.49,0
2024-09-02,3,moteur_DE,57.9,2.1,2.25,2.8,0
2024-09-02,3,moteur_NDE,50.2,1.88,2.17,2.0,0
2024-09-02,3,pompe,48.5,2.58,2.36,2.59,0
2024-09-02,4,moteur_DE,56.8,2.23,2.39,1.98,0
2024-09-02,4,moteur_NDE,52.1,2.34,2.15,2.67,0
2024-09-02,4,pompe,49.3,2.59,2.45,1.91,0
2024-09-09,1,moteur_DE,54.8,2.2,2.81,2.23,0
2024-09-09,1,moteur_NDE,52.0,1.95,2.5,1.8,0
2024-09-09,1,pompe,49.6,2.57,2.82,2.79,0
2024-09-09,2,moteur_DE,53.4,1.51,1.92,1.78,0
2024-09-09,2,moteur_NDE,49.8,1.37,2.31,2.83,0
2024-09-09,2,pompe,49.1,2.6,2.21,2.75,0
2024-09-09,3,moteur_DE,54.7,2.42,2.0,1.89,0
2024-09-09,3,moteur_NDE,51.5,2.04,1.45,2.36,0
2024-09-09,3,pompe,50.5,2.45,2.87,2.97,0
2024-09-09,4,moteur_DE,55.4,1.65,2.28,1.75,0
2024-09-09,4,moteur_NDE,50.8,1.92,2.01,1.91,0
2024-09-09,4,pompe,52.0,2.44,3.44,2.4,0
2024-09-16,1,moteur_DE,52.4,1.7,2.1,2.27,0
2024-09-16,1,moteur_NDE,52.6,1.7,1.58,1.95,0
2024-09-16,1,pompe,50.9,2.53,2.61,2.58,0
2024-09-16,2,moteur_DE,55.7,2.27,2.69,2.57,0
2024-09-16,2,moteur_NDE,52.6,1.97,1.9,2.03,0
2024-09-16,2,pompe,48.6,2.18,2.93,3.16,0
2024-09-16,3,moteur_DE,56.6,2.36,2.16,2.57,0
2024-09-16,3,moteur_NDE,53.8,1.66,1.84,2.56,0
2024-09-16,3,pompe,49.0,2.21,2.71,2.11,0
2024-09-16,4,moteur_DE,50.2,3.01,2.1,2.42,0
2024-09-16,4,moteur_NDE,63.3,12.19,1.9,2.05,1
2024-09-16,4,pompe,52.2,2.5,3.09,2.56,0
2024-09-23,1,moteur_DE,57.3,2.23,1.95,2.38,0
2024-09-23,1,moteur_NDE,52.1,1.99,2.3,2.32,0
2024-09-23,1,pompe,52.4,2.01,2.87,2.55,0
2024-09-23,2,moteur_DE,53.3,1.9,2.48,1.64,0
2024-09-23,2,moteur_NDE,50.1,2.14,2.03,2.25,0
2024-09-23,2,pompe,58.6,2.61,2.66,4.93,1
2024-09-23,3,moteur_DE,57.4,2.29,2.87,1.81,0
2024-09-23,3,moteur_NDE,50.4,1.57,1.88,1.78,0
2024-09-23,3,pompe,50.8,2.74,2.75,2.32,0
2024-09-23,4,moteur_DE,55.9,2.64,1.96,2.73,0
2024-09-23,4,moteur_NDE,52.1,2.17,1.73,2.38,0
2024-09-23,4,pompe,50.5,3.01,2.51,2.48,0
2024-09-30,1,moteur_DE,56.8,1.85,2.06,2.83,0
2024-09-30,1,moteur_NDE,51.8,1.82,1.77,1.84,0
2024-09-30,1,pompe,56.5,2.17,2.73,7.82,1
2024-09-30,2,moteur_DE,56.5,2.12,2.33,1.97,0
2024-09-30,2,moteur_NDE,53.6,1.99,2.46,1.58,0
2024-09-30,2,pompe,48.7,2.62,2.45,2.98,0
2024-09-30,3,moteur_DE,54.4,2.14,2.03,2.1,0
2024-09-30,3,moteur_NDE,51.6,2.05,2.07,2.16,0
2024-09-30,3,pompe,51.7,2.53,2.93,2.82,0
2024-09-30,4,moteur_DE,54.7,2.66,2.2,2.09,0
2024-09-30,4,moteur_NDE,52.8,1.8,2.02,1.63,0
2024-09-30,4,pompe,50.1,2.95,2.83,2.88,0
2024-10-07,1,moteur_DE,57.3,2.71,2.33,1.96,0
2024-10-07,1,moteur_NDE,52.8,1.87,2.42,1.53,0
2024-10-07,1,pompe,48.2,3.02,2.94,2.64,0
2024-10-07,2,moteur_DE,55.1,1.91,2.05,2.2,0
2024-10-07,2,moteur_NDE,49.9,2.07,1.78,2.3,0
2024-10-07,2,pompe,51.3,3.41,2.77,2.85,0
2024-10-07,3,moteur_DE,55.8,2.33,1.82,2.26,0
2024-10-07,3,moteur_NDE,52.3,2.34,2.24,2.39,0
2024-10-07,3,pompe,48.0,2.84,1.86,2.98,0
2024-10-07,4,moteur_DE,56.3,1.74,2.84,2.02,0
2024-10-07,4,moteur_NDE,52.1,1.88,1.69,1.98,0
2024-10-07,4,pompe,48.4,2.74,2.53,2.64,0
2024-10-14,1,moteur_DE,54.7,2.01,3.16,2.29,0
2024-10-14,1,moteur_NDE,51.1,1.76,1.85,2.02,0
2024-10-14,1,pompe,50.7,2.53,2.68,2.34,0
2024-10-14,2,moteur_DE,53.5,2.2,2.3,2.23,0
2024-10-14,2,moteur_NDE,52.5,2.52,2.14,1.68,0
2024-10-14,2,pompe,50.7,2.13,2.7,2.68,0
2024-10-14,3,moteur_DE,54.7,2.67,2.5,1.95,0
2024-10-14,3,moteur_NDE,52.5,2.28,2.02,2.16,0
2024-10-14,3,pompe,51.3,2.5,2.88,1.94,0
2024-10-14,4,moteur_DE,58.1,2.41,1.37,2.08,0
2024-10-14,4,moteur_NDE,52.6,2.18,1.64,1.66,0
2024-10-14,4,pompe,49.7,3.0,3.33,2.27,0
2024-10-21,1,moteur_DE,54.0,2.13,2.63,1.95,0
2024-10-21,1,moteur_NDE,51.3,2.14,1.84,1.69,0
2024-10-21,1,pompe,49.2,2.54,2.75,2.79,0
2024-10-21,2,moteur_DE,52.9,1.62,2.04,2.23,0
2024-10-21,2,moteur_NDE,52.2,1.85,2.08,2.1,0
2024-10-21,2,pompe,46.9,2.56,2.56,2.95,0
2024-10-21,3,moteur_DE,57.2,2.46,2.31,1.89,0
2024-10-21,3,moteur_NDE,50.8,2.23,2.4,2.02,0
2024-10-21,3,pompe,51.0,2.53,2.54,2.74,0
2024-10-21,4,moteur_DE,55.5,2.72,2.72,1.62,0
2024-10-21,4,moteur_NDE,54.0,1.79,1.88,1.87,0
2024-10-21,4,pompe,52.2,2.78,2.62,3.06,0
2024-10-28,1,moteur_DE,56.7,1.94,2.63,1.97,0
2024-10-28,1,moteur_NDE,50.4,1.65,1.95,2.15,0
2024-10-28,1,pompe,48.6,3.03,2.37,2.07,0
2024-10-28,2,moteur_DE,53.3,2.33,1.69,2.2,0
2024-10-28,2,moteur_NDE,51.7,2.0,2.5,1.46,0
2024-10-28,2,pompe,50.0,2.49,2.77,2.87,0
2024-10-28,3,moteur_DE,52.7,2.09,2.46,2.33,0
2024-10-28,3,moteur_NDE,52.0,2.03,1.73,1.93,0
2024-10-28,3,pompe,51.4,2.7,2.66,2.77,0
2024-10-28,4,moteur_DE,56.7,1.82,2.02,2.39,0
2024-10-28,4,moteur_NDE,53.4,1.64,2.23,2.07,0
2024-10-28,4,pompe,51.7,3.19,2.76,2.3,0
2024-11-04,1,moteur_DE,57.8,2.32,1.9,2.23,0
2024-11-04,1,moteur_NDE,53.5,2.57,2.31,2.61,0
2024-11-04,1,pompe,52.0,2.59,3.02,3.05,0
2024-11-04,2,moteur_DE,52.1,1.79,1.43,1.84,0
2024-11-04,2,moteur_NDE,51.2,1.7,1.95,1.86,0
2024-11-04,2,pompe,50.0,2.38,2.6,2.53,0
2024-11-04,3,moteur_DE,53.8,2.13,2.5,2.03,0
2024-11-04,3,moteur_NDE,52.3,1.74,1.63,1.78,0
2024-11-04,3,pompe,48.8,2.46,2.74,2.79,0
2024-11-04,4,moteur_DE,54.9,2.29,2.36,2.41,0
2024-11-04,4,moteur_NDE,50.7,1.57,1.88,2.01,0
2024-11-04,4,pompe,50.5,2.27,2.71,2.2,0
2024-11-11,1,moteur_DE,58.8,2.02,1.19,2.48,0
2024-11-11,1,moteur_NDE,50.2,1.8,1.93,2.89,0
2024-11-11,1,pompe,51.2,3.14,3.14,2.53,0
2024-11-11,2,moteur_DE,58.3,2.23,2.32,2.65,0
2024-11-11,2,moteur_NDE,52.0,1.78,1.91,1.87,0
2024-11-11,2,pompe,50.8,2.04,2.46,3.32,0
2024-11-11,3,moteur_DE,57.4,2.13,2.25,1.71,0
2024-11-11,3,moteur_NDE,52.0,1.85,1.99,1.78,0
2024-11-11,3,pompe,47.4,2.89,2.33,2.51,0
2024-11-11,4,moteur_DE,55.1,2.55,2.14,1.88,0
2024-11-11,4,moteur_NDE,54.4,2.75,1.57,1.73,0
2024-11-11,4,pompe,47.2,2.33,2.89,2.8,0
2024-11-18,1,moteur_DE,53.4,2.13,1.81,1.68,0
2024-11-18,1,moteur_NDE,51.0,2.24,2.37,2.1,0
2024-11-18,1,pompe,51.0,2.29,2.49,2.88,0
2024-11-18,2,moteur_DE,56.4,2.17,2.26,1.88,0
2024-11-18,2,moteur_NDE,52.0,1.98,1.79,2.35,0
2024-11-18,2,pompe,55.0,2.97,2.83,5.55,1
2024-11-18,3,moteur_DE,56.7,1.94,2.47,2.31,0
2024-11-18,3,moteur_NDE,55.4,1.9,1.99,1.47,0
2024-11-18,3,pompe,48.7,2.41,2.18,2.17,0
2024-11-18,4,moteur_DE,53.0,2.37,2.19,2.3,0
2024-11-18,4,moteur_NDE,51.4,1.77,2.29,1.45,0
2024-11-18,4,pompe,50.4,2.2,2.71,2.43,0
2024-11-25,1,moteur_DE,51.9,2.1,2.23,2.56,0
2024-11-25,1,moteur_NDE,49.8,1.42,2.26,1.96,0
2024-11-25,1,pompe,51.0,2.07,2.14,2.54,0
2024-11-25,2,moteur_DE,56.5,2.2,1.99,2.23,0
2024-11-25,2,moteur_NDE,52.8,2.17,1.93,2.35,0
2024-11-25,2,pompe,52.0,2.34,2.7,2.63,0
2024-11-25,3,moteur_DE,55.9,2.23,1.85,2.2,0
2024-11-25,3,moteur_NDE,52.8,2.51,2.27,1.34,0
2024-11-25,3,pompe,49.8,2.67,2.95,3.14,0
2024-11-25,4,moteur_DE,59.0,1.94,2.28,6.34,1
2024-11-25,4,moteur_NDE,54.6,1.84,1.76,2.18,0
2024-11-25,4,pompe,51.2,2.43,2.4,2.57,0
2024-12-02,1,moteur_DE,52.6,2.18,2.01,2.12,0
2024-12-02,1,moteur_NDE,52.6,1.81,1.39,2.1,0
2024-12-02,1,pompe,56.0,2.33,5.19,2.09,1
2024-12-02,2,moteur_DE,53.1,2.04,2.29,2.57,0
2024-12-02,2,moteur_NDE,51.0,1.89,1.94,1.88,0
2024-12-02,2,pompe,47.9,2.86,2.54,2.74,0
2024-12-02,3,moteur_DE,53.5,2.88,2.11,1.83,0
2024-12-02,3,moteur_NDE,53.9,1.72,1.43,1.94,0
2024-12-02,3,pompe,48.2,2.87,2.88,2.62,0
2024-12-02,4,moteur_DE,58.6,2.41,2.88,2.42,0
2024-12-02,4,moteur_NDE,53.9,2.14,1.71,2.37,0
2024-12-02,4,pompe,50.6,1.86,2.66,2.76,0
2024-12-09,1,moteur_DE,53.9,1.99,1.96,2.32,0
2024-12-09,1,moteur_NDE,51.4,1.62,1.83,1.96,0
2024-12-09,1,pompe,51.1,2.9,3.09,2.3,0
2024-12-09,2,moteur_DE,56.1,2.08,1.91,2.0,0
2024-12-09,2,moteur_NDE,51.3,1.75,1.91,1.57,0
2024-12-09,2,pompe,49.3,2.42,2.68,2.76,0
2024-12-09,3,moteur_DE,56.1,2.16,2.66,1.9,0
2024-12-09,3,moteur_NDE,50.2,1.84,1.69,2.24,0
2024-12-09,3,pompe,49.8,2.5,2.79,2.58,0
2024-12-09,4,moteur_DE,54.7,2.49,2.14,2.04,0
2024-12-09,4,moteur_NDE,51.8,1.99,1.76,1.73,0
2024-12-09,4,pompe,49.0,2.84,2.75,2.59,0
2024-12-16,1,moteur_DE,55.7,2.43,2.28,2.31,0
2024-12-16,1,moteur_NDE,52.6,2.07,1.81,2.32,0
2024-12-16,1,pompe,48.6,2.6,3.15,2.28,0
2024-12-16,2,moteur_DE,56.1,1.73,2.26,2.47,0
2024-12-16,2,moteur_NDE,52.3,1.79,2.0,1.45,0
2024-12-16,2,pompe,52.9,2.63,5.98,3.19,1
2024-12-16,3,moteur_DE,55.2,2.11,1.68,2.43,0
2024-12-16,3,moteur_NDE,50.5,1.42,2.48,2.21,0
2024-12-16,3,pompe,51.2,2.58,2.25,2.72,0
2024-12-16,4,moteur_DE,54.6,2.41,2.1,1.74,0
2024-12-16,4,moteur_NDE,52.4,2.15,2.26,2.14,0
2024-12-16,4,pompe,51.1,1.96,3.08,2.76,0
2024-12-23,1,moteur_DE,55.6,1.78,1.85,1.98,0
2024-12-23,1,moteur_NDE,53.7,1.48,1.28,1.53,0
2024-12-23,1,pompe,51.0,2.97,2.32,2.66,0
2024-12-23,2,moteur_DE,56.0,2.24,2.61,2.32,0
2024-12-23,2,moteur_NDE,51.1,1.64,2.09,2.61,0
2024-12-23,2,pompe,55.4,7.39,2.77,2.26,1
2024-12-23,3,moteur_DE,55.8,2.36,2.16,2.03,0
2024-12-23,3,moteur_NDE,50.5,1.76,2.1,1.99,0
2024-12-23,3,pompe,52.1,2.6,2.71,3.0,0
2024-12-23,4,moteur_DE,55.0,2.59,2.49,2.22,0
2024-12-23,4,moteur_NDE,50.1,2.14,2.02,2.24,0
2024-12-23,4,pompe,50.0,3.09,2.08,2.76,0
2024-12-30,1,moteur_DE,54.9,2.15,2.3,1.95,0
2024-12-30,1,moteur_NDE,52.7,2.2,2.37,1.94,0
2024-12-30,1,pompe,50.3,3.15,2.24,2.72,0
2024-12-30,2,moteur_DE,56.6,2.36,2.07,2.54,0
2024-12-30,2,moteur_NDE,51.1,1.76,1.56,2.34,0
2024-12-30,2,pompe,48.2,2.31,3.07,2.81,0
2024-12-30,3,moteur_DE,52.8,2.37,2.23,2.31,0
2024-12-30,3,moteur_NDE,52.6,1.87,1.65,2.24,0
2024-12-30,3,pompe,50.1,2.54,2.19,2.48,0
2024-12-30,4,moteur_DE,53.7,1.82,1.94,2.13,0
2024-12-30,4,moteur_NDE,54.2,1.37,2.15,2.09,0
2024-12-30,4,pompe,51.5,2.27,3.14,2.7,0
2025-01-06,1,moteur_DE,55.0,2.36,2.61,2.31,0
2025-01-06,1,moteur_NDE,52.4,1.84,1.81,2.22,0
2025-01-06,1,pompe,52.0,2.69,2.57,2.78,0
2025-01-06,2,moteur_DE,57.1,1.66,2.45,1.97,0
2025-01-06,2,moteur_NDE,51.9,2.9,2.05,1.39,0
2025-01-06,2,pompe,50.9,2.9,2.39,2.97,0
2025-01-06,3,moteur_DE,51.8,2.82,1.95,2.31,0
2025-01-06,3,moteur_NDE,52.4,1.62,2.19,1.82,0
2025-01-06,3,pompe,50.0,2.61,2.15,2.63,0
2025-01-06,4,moteur_DE,56.8,2.1,2.35,2.44,0
2025-01-06,4,moteur_NDE,51.3,2.28,2.19,1.96,0
2025-01-06,4,pompe,48.2,3.08,2.9,2.7,0
2025-01-13,1,moteur_DE,55.7,1.98,2.15,2.93,0
2025-01-13,1,moteur_NDE,51.5,1.98,1.94,2.21,0
2025-01-13,1,pompe,49.3,2.63,2.83,2.85,0
2025-01-13,2,moteur_DE,53.9,1.49,2.41,2.18,0
2025-01-13,2,moteur_NDE,53.6,2.16,1.69,2.25,0
2025-01-13,2,pompe,48.2,2.73,2.93,2.8,0
2025-01-13,3,moteur_DE,57.8,2.07,1.75,2.46,0
2025-01-13,3,moteur_NDE,50.1,2.41,1.73,2.41,0
2025-01-13,3,pompe,50.6,2.58,2.6,2.69,0
2025-01-13,4,moteur_DE,56.3,1.32,2.34,2.07,0
2025-01-13,4,moteur_NDE,51.5,2.15,2.13,1.53,0
2025-01-13,4,pompe,49.4,2.34,2.39,3.06,0
2025-01-20,1,moteur_DE,53.3,1.89,2.37,2.17,0
2025-01-20,1,moteur_NDE,52.3,1.77,1.75,1.77,0
2025-01-20,1,pompe,51.9,2.31,3.1,2.41,0
2025-01-20,2,moteur_DE,54.9,2.3,2.4,2.04,0
2025-01-20,2,moteur_NDE,52.8,1.91,1.9,2.28,0
2025-01-20,2,pompe,50.6,2.07,2.7,2.47,0
2025-01-20,3,moteur_DE,57.4,2.37,2.2,2.0,0
2025-01-20,3,moteur_NDE,53.0,1.63,1.78,1.99,0
2025-01-20,3,pompe,50.3,2.93,2.52,2.7,0
2025-01-20,4,moteur_DE,58.8,2.08,2.01,1.92,0
2025-01-20,4,moteur_NDE,56.1,2.44,6.18,2.11,1
2025-01-20,4,pompe,51.9,2.72,2.53,3.18,0
2025-01-27,1,moteur_DE,52.5,2.27,1.98,2.27,0
2025-01-27,1,moteur_NDE,50.1,1.69,2.02,2.18,0
2025-01-27,1,pompe,47.7,2.37,3.28,3.25,0
2025-01-27,2,moteur_DE,55.9,2.0,2.3,2.14,0
2025-01-27,2,moteur_NDE,51.6,1.84,2.04,1.91,0
2025-01-27,2,pompe,50.5,2.16,2.15,2.85,0
2025-01-27,3,moteur_DE,56.1,2.66,2.59,2.16,0
2025-01-27,3,moteur_NDE,66.2,7.58,2.31,2.25,1
2025-01-27,3,pompe,50.8,2.79,2.51,2.72,0
2025-01-27,4,moteur_DE,53.4,2.31,2.99,1.89,0
2025-01-27,4,moteur_NDE,53.4,1.48,2.28,2.79,0
2025-01-27,4,pompe,50.6,3.35,2.61,3.01,0
2025-02-03,1,moteur_DE,55.0,2.55,1.8,2.77,0
2025-02-03,1,moteur_NDE,51.8,1.42,2.02,2.21,0
2025-02-03,1,pompe,49.0,2.55,2.48,2.39,0
2025-02-03,2,moteur_DE,53.3,2.31,1.96,2.3,0
2025-02-03,2,moteur_NDE,53.9,2.04,1.95,2.07,0
2025-02-03,2,pompe,51.1,2.27,2.96,2.39,0
2025-02-03,3,moteur_DE,55.9,2.52,2.27,1.68,0
2025-02-03,3,moteur_NDE,51.6,2.31,2.11,1.9,0
2025-02-03,3,pompe,50.1,3.07,2.87,2.69,0
2025-02-03,4,moteur_DE,54.6,2.31,2.06,2.21,0
2025-02-03,4,moteur_NDE,50.7,1.32,2.05,1.8,0
2025-02-03,4,pompe,48.1,2.7,2.74,3.14,0
2025-02-10,1,moteur_DE,54.1,2.14,2.01,2.0,0
2025-02-10,1,moteur_NDE,50.4,1.94,1.79,2.7,0
2025-02-10,1,pompe,48.5,2.79,2.52,2.12,0
2025-02-10,2,moteur_DE,55.3,2.7,1.89,2.0,0
2025-02-10,2,moteur_NDE,51.5,2.23,1.84,1.74,0
2025-02-10,2,pompe,50.0,2.54,2.23,2.73,0
2025-02-10,3,moteur_DE,53.5,2.52,2.0,2.18,0
2025-02-10,3,moteur_NDE,52.3,2.11,2.01,1.83,0
2025-02-10,3,pompe,49.4,2.91,2.32,2.86,0
2025-02-10,4,moteur_DE,54.2,2.15,2.42,2.11,0
2025-02-10,4,moteur_NDE,53.3,1.81,1.7,1.98,0
2025-02-10,4,pompe,50.3,2.85,2.71,3.12,0
2025-02-17,1,moteur_DE,52.5,1.92,2.2,1.86,0
2025-02-17,1,moteur_NDE,49.9,1.55,1.84,1.95,0
2025-02-17,1,pompe,50.4,2.98,2.53,2.85,0
2025-02-17,2,moteur_DE,56.3,1.76,1.79,2.13,0
2025-02-17,2,moteur_NDE,52.2,2.02,2.84,2.16,0
2025-02-17,2,pompe,52.0,3.09,2.68,2.39,0
2025-02-17,3,moteur_DE,55.6,1.42,1.97,2.6,0
2025-02-17,3,moteur_NDE,50.9,1.66,2.03,2.21,0
2025-02-17,3,pompe,49.8,2.77,2.27,2.69,0
2025-02-17,4,moteur_DE,55.7,1.99,1.9,2.16,0
2025-02-17,4,moteur_NDE,54.0,1.98,1.99,1.79,0
2025-02-17,4,pompe,53.0,2.94,2.46,2.25,0
2025-02-24,1,moteur_DE,56.1,1.42,2.29,2.89,0
2025-02-24,1,moteur_NDE,52.5,1.52,2.03,2.19,0
2025-02-24,1,pompe,48.9,2.57,2.53,2.78,0
2025-02-24,2,moteur_DE,54.2,2.07,2.71,2.62,0
2025-02-24,2,moteur_NDE,52.3,1.76,2.02,2.03,0
2025-02-24,2,pompe,49.1,2.37,2.29,3.32,0
2025-02-24,3,moteur_DE,52.3,1.95,1.59,2.01,0
2025-02-24,3,moteur_NDE,52.1,2.0,1.93,1.97,0
2025-02-24,3,pompe,48.4,2.87,2.49,2.33,0
2025-02-24,4,moteur_DE,55.2,2.46,1.85,2.19,0
2025-02-24,4,moteur_NDE,51.6,1.73,2.32,2.17,0
2025-02-24,4,pompe,50.5,2.7,2.17,2.57,0
2025-03-03,1,moteur_DE,56.2,1.61,2.48,2.11,0
2025-03-03,1,moteur_NDE,53.7,2.34,2.47,2.41,0
2025-03-03,1,pompe,51.1,2.72,2.35,2.45,0
2025-03-03,2,moteur_DE,56.8,1.99,2.61,1.91,0
2025-03-03,2,moteur_NDE,52.6,2.06,1.61,2.27,0
2025-03-03,2,pompe,58.3,12.39,2.65,2.57,1
2025-03-03,3,moteur_DE,56.6,2.78,2.16,1.87,0
2025-03-03,3,moteur_NDE,53.1,2.05,2.05,2.28,0
2025-03-03,3,pompe,49.9,2.86,2.48,2.67,0
2025-03-03,4,moteur_DE,54.4,2.1,2.49,2.49,0
2025-03-03,4,moteur_NDE,51.2,1.91,1.69,2.54,0
2025-03-03,4,pompe,47.1,2.39,2.58,3.43,0
2025-03-10,1,moteur_DE,56.7,2.0,2.12,2.52,0
2025-03-10,1,moteur_NDE,54.1,2.07,2.22,2.22,0
2025-03-10,1,pompe,53.1,2.7,2.62,2.27,0
2025-03-10,2,moteur_DE,52.9,1.97,2.21,2.22,0
2025-03-10,2,moteur_NDE,54.0,1.88,1.86,2.23,0
2025-03-10,2,pompe,51.3,2.55,2.69,2.45,0
2025-03-10,3,moteur_DE,56.0,2.07,2.11,2.37,0
2025-03-10,3,moteur_NDE,52.6,1.89,1.74,1.93,0
2025-03-10,3,pompe,50.6,2.98,2.65,2.89,0
2025-03-10,4,moteur_DE,55.5,1.89,2.31,2.44,0
2025-03-10,4,moteur_NDE,52.6,1.88,1.68,1.58,0
2025-03-10,4,pompe,50.7,2.63,2.94,2.43,0
2025-03-17,1,moteur_DE,55.0,2.1,2.3,2.54,0
2025-03-17,1,moteur_NDE,50.9,2.51,2.29,2.23,0
2025-03-17,1,pompe,51.3,2.63,3.09,2.43,0
2025-03-17,2,moteur_DE,54.9,1.58,1.69,2.49,0
2025-03-17,2,moteur_NDE,51.2,1.69,2.18,2.66,0
2025-03-17,2,pompe,51.7,2.76,2.63,3.19,0
2025-03-17,3,moteur_DE,55.4,2.06,2.16,2.08,0
2025-03-17,3,moteur_NDE,51.4,2.4,1.89,1.83,0
2025-03-17,3,pompe,49.3,2.56,2.78,2.8,0
2025-03-17,4,moteur_DE,56.2,2.73,2.32,2.56,0
2025-03-17,4,moteur_NDE,52.7,1.86,1.82,2.15,0
2025-03-17,4,pompe,50.7,2.01,2.33,2.54,0
2025-03-24,1,moteur_DE,56.7,2.23,2.34,2.02,0
2025-03-24,1,moteur_NDE,52.7,2.22,2.13,1.69,0
2025-03-24,1,pompe,49.4,2.72,2.73,2.28,0
2025-03-24,2,moteur_DE,57.8,2.32,2.14,2.28,0
2025-03-24,2,moteur_NDE,53.1,2.0,1.89,1.86,0
2025-03-24,2,pompe,48.0,2.56,2.72,2.23,0
2025-03-24,3,moteur_DE,55.4,2.0,1.62,2.52,0
2025-03-24,3,moteur_NDE,50.9,2.27,1.31,1.9,0
2025-03-24,3,pompe,50.0,2.53,3.26,2.49,0
2025-03-24,4,moteur_DE,56.6,2.34,2.39,1.42,0
2025-03-24,4,moteur_NDE,53.8,1.45,1.83,2.03,0
2025-03-24,4,pompe,52.5,2.58,2.38,2.46,0
2025-03-31,1,moteur_DE,55.1,2.1,2.38,2.17,0
2025-03-31,1,moteur_NDE,51.8,1.44,1.98,1.89,0
2025-03-31,1,pompe,48.4,2.74,2.97,2.35,0
2025-03-31,2,moteur_DE,57.5,4.99,2.09,1.9,1
2025-03-31,2,moteur_NDE,53.6,1.94,1.91,2.52,0
2025-03-31,2,pompe,50.0,2.68,2.79,2.98,0
2025-03-31,3,moteur_DE,54.5,1.83,2.09,2.21,0
2025-03-31,3,moteur_NDE,52.8,2.25,2.12,2.02,0
2025-03-31,3,pompe,51.2,2.19,2.38,2.4,0
2025-03-31,4,moteur_DE,54.3,1.69,1.98,1.92,0
2025-03-31,4,moteur_NDE,54.1,1.46,2.12,2.69,0
2025-03-31,4,pompe,48.4,2.33,2.46,2.84,0
2025-04-07,1,moteur_DE,52.7,2.05,2.13,2.66,0
2025-04-07,1,moteur_NDE,51.3,1.92,2.21,2.12,0
2025-04-07,1,pompe,48.9,2.05,2.18,2.07,0
2025-04-07,2,moteur_DE,69.3,10.99,1.97,2.16,1
2025-04-07,2,moteur_NDE,51.6,2.18,1.52,2.29,0
2025-04-07,2,pompe,47.9,2.71,2.5,2.46,0
2025-04-07,3,moteur_DE,55.2,1.95,2.19,2.82,0
2025-04-07,3,moteur_NDE,54.9,1.33,2.16,2.1,0
2025-04-07,3,pompe,49.5,2.68,2.25,2.67,0
2025-04-07,4,moteur_DE,55.0,1.85,1.9,2.06,0
2025-04-07,4,moteur_NDE,52.0,2.31,1.85,1.82,0
2025-04-07,4,pompe,50.2,2.97,2.92,2.91,0
2025-04-14,1,moteur_DE,52.5,2.63,2.07,2.13,0
2025-04-14,1,moteur_NDE,52.4,2.13,2.42,1.64,0
2025-04-14,1,pompe,49.2,2.28,2.73,3.13,0
2025-04-14,2,moteur_DE,55.8,1.82,2.37,2.1,0
2025-04-14,2,moteur_NDE,49.9,2.29,1.63,2.18,0
2025-04-14,2,pompe,49.4,2.48,3.01,2.68,0
2025-04-14,3,moteur_DE,55.0,2.21,2.24,1.68,0
2025-04-14,3,moteur_NDE,53.9,1.64,1.81,2.04,0
2025-04-14,3,pompe,50.7,2.77,2.58,2.96,0
2025-04-14,4,moteur_DE,55.0,2.56,2.01,1.97,0
2025-04-14,4,moteur_NDE,57.7,6.32,2.37,1.93,1
2025-04-14,4,pompe,48.9,2.33,2.77,2.59,0
2025-04-21,1,moteur_DE,56.3,2.84,1.96,1.42,0
2025-04-21,1,moteur_NDE,52.3,1.41,1.67,2.35,0
2025-04-21,1,pompe,50.5,2.96,1.95,3.12,0
2025-04-21,2,moteur_DE,54.6,2.46,2.06,2.67,0
2025-04-21,2,moteur_NDE,51.0,2.15,1.82,2.2,0
2025-04-21,2,pompe,48.7,2.57,2.81,2.2,0
2025-04-21,3,moteur_DE,54.0,2.14,2.34,2.22,0
2025-04-21,3,moteur_NDE,53.3,2.47,2.02,1.69,0
2025-04-21,3,pompe,53.7,3.28,2.67,2.16,0
2025-04-21,4,moteur_DE,54.7,2.41,1.57,2.13,0
2025-04-21,4,moteur_NDE,51.0,1.8,2.02,2.29,0
2025-04-21,4,pompe,49.6,2.46,3.16,2.65,0
2025-04-28,1,moteur_DE,57.2,2.1,2.06,2.09,0
2025-04-28,1,moteur_NDE,50.1,2.35,1.79,1.81,0
2025-04-28,1,pompe,49.7,2.36,2.91,2.76,0
2025-04-28,2,moteur_DE,54.7,2.31,2.04,2.08,0
2025-04-28,2,moteur_NDE,53.0,2.24,1.51,1.72,0
2025-04-28,2,pompe,46.0,2.56,2.76,2.31,0
2025-04-28,3,moteur_DE,55.1,2.23,2.22,2.15,0
2025-04-28,3,moteur_NDE,50.0,1.33,2.07,2.3,0
2025-04-28,3,pompe,50.2,2.31,2.19,2.36,0
2025-04-28,4,moteur_DE,56.4,2.14,2.26,2.15,0
2025-04-28,4,moteur_NDE,52.0,1.95,1.61,1.85,0
2025-04-28,4,pompe,49.5,2.67,2.43,2.82,0
2025-05-05,1,moteur_DE,54.4,2.15,2.08,2.11,0
2025-05-05,1,moteur_NDE,51.4,1.97,2.13,2.47,0
2025-05-05,1,pompe,50.2,2.62,2.5,2.79,0
2025-05-05,2,moteur_DE,53.0,2.3,2.01,2.79,0
2025-05-05,2,moteur_NDE,54.1,1.41,2.17,2.17,0
2025-05-05,2,pompe,50.9,2.56,2.13,2.6,0
2025-05-05,3,moteur_DE,59.8,2.47,5.48,2.61,1
2025-05-05,3,moteur_NDE,54.0,1.72,2.21,2.27,0
2025-05-05,3,pompe,50.6,3.37,2.8,2.22,0
2025-05-05,4,moteur_DE,55.1,2.49,2.38,1.97,0
2025-05-05,4,moteur_NDE,52.3,1.87,1.72,2.2,0
2025-05-05,4,pompe,50.5,2.62,2.55,2.32,0
2025-05-12,1,moteur_DE,54.5,1.93,1.74,2.57,0
2025-05-12,1,moteur_NDE,49.7,2.15,1.42,2.39,0
2025-05-12,1,pompe,50.5,2.98,2.73,2.37,0
2025-05-12,2,moteur_DE,54.0,2.7,2.34,2.55,0
2025-05-12,2,moteur_NDE,50.3,1.97,1.9,1.7,0
2025-05-12,2,pompe,49.1,2.1,2.59,2.28,0
2025-05-12,3,moteur_DE,54.2,1.66,1.89,1.86,0
2025-05-12,3,moteur_NDE,53.0,1.46,1.97,2.18,0
2025-05-12,3,pompe,50.1,3.18,2.35,2.68,0
2025-05-12,4,moteur_DE,52.7,1.83,2.21,2.71,0
2025-05-12,4,moteur_NDE,53.2,1.93,1.89,2.01,0
2025-05-12,4,pompe,50.8,2.35,2.78,2.81,0
2025-05-19,1,moteur_DE,58.1,1.89,2.11,1.99,0
2025-05-19,1,moteur_NDE,51.1,2.3,2.41,2.21,0
2025-05-19,1,pompe,51.4,2.46,2.38,1.72,0
2025-05-19,2,moteur_DE,54.9,2.26,2.07,1.93,0
2025-05-19,2,moteur_NDE,52.9,2.18,1.8,2.25,0
2025-05-19,2,pompe,45.8,2.59,2.69,2.54,0
2025-05-19,3,moteur_DE,55.7,2.03,1.81,2.5,0
2025-05-19,3,moteur_NDE,52.3,1.55,1.95,2.37,0
2025-05-19,3,pompe,52.4,2.9,2.62,3.16,0
2025-05-19,4,moteur_DE,55.6,2.09,2.1,1.35,0
2025-05-19,4,moteur_NDE,52.3,2.06,1.53,1.52,0
2025-05-19,4,pompe,48.1,2.66,2.77,2.34,0
2025-05-26,1,moteur_DE,53.1,2.68,2.17,2.14,0
2025-05-26,1,moteur_NDE,54.0,1.58,1.85,2.35,0
2025-05-26,1,pompe,49.7,2.57,2.5,2.73,0
2025-05-26,2,moteur_DE,52.2,2.15,2.43,2.24,0
2025-05-26,2,moteur_NDE,49.8,1.97,2.48,2.34,0
2025-05-26,2,pompe,52.1,2.55,2.8,2.57,0
2025-05-26,3,moteur_DE,54.6,2.52,2.16,2.75,0
2025-05-26,3,moteur_NDE,53.1,2.12,2.71,1.71,0
2025-05-26,3,pompe,49.5,2.25,2.88,2.62,0
2025-05-26,4,moteur_DE,54.8,1.74,2.35,2.16,0
2025-05-26,4,moteur_NDE,54.0,2.17,2.36,1.78,0
2025-05-26,4,pompe,52.2,2.73,2.59,2.74,0
2025-06-02,1,moteur_DE,55.9,2.48,1.85,2.0,0
2025-06-02,1,moteur_NDE,51.6,1.9,1.63,2.23,0
2025-06-02,1,pompe,50.8,2.99,2.63,2.98,0
2025-06-02,2,moteur_DE,54.7,1.86,2.18,2.49,0
2025-06-02,2,moteur_NDE,52.1,1.43,2.16,1.65,0
2025-06-02,2,pompe,50.7,2.34,3.05,2.52,0
2025-06-02,3,moteur_DE,54.8,2.33,2.45,2.79,0
2025-06-02,3,moteur_NDE,50.0,2.21,1.76,2.25,0
2025-06-02,3,pompe,51.4,2.68,2.87,2.68,0
2025-06-02,4,moteur_DE,59.0,2.29,2.23,1.52,0
2025-06-02,4,moteur_NDE,52.6,1.57,2.24,1.99,0
2025-06-02,4,pompe,47.8,2.61,2.23,2.45,0
2025-06-09,1,moteur_DE,53.7,2.38,2.21,2.53,0
2025-06-09,1,moteur_NDE,50.1,1.98,1.39,2.28,0
2025-06-09,1,pompe,50.7,2.77,1.99,2.84,0
2025-06-09,2,moteur_DE,56.5,1.76,2.13,2.22,0
2025-06-09,2,moteur_NDE,49.8,1.81,1.82,2.01,0
2025-06-09,2,pompe,50.0,2.09,2.93,2.77,0
2025-06-09,3,moteur_DE,54.7,2.12,2.08,2.27,0
2025-06-09,3,moteur_NDE,52.6,1.54,1.79,2.15,0
2025-06-09,3,pompe,51.8,2.46,1.91,2.71,0
2025-06-09,4,moteur_DE,57.1,2.01,2.15,2.02,0
2025-06-09,4,moteur_NDE,49.4,2.11,2.26,1.89,0
2025-06-09,4,pompe,51.1,2.26,2.46,2.5,0
2025-06-16,1,moteur_DE,56.1,2.38,2.81,2.12,0
2025-06-16,1,moteur_NDE,51.3,2.36,1.57,2.07,0
2025-06-16,1,pompe,47.5,2.47,2.67,2.52,0
2025-06-16,2,moteur_DE,54.0,2.47,2.11,2.01,0
2025-06-16,2,moteur_NDE,49.9,1.2,2.07,2.32,0
2025-06-16,2,pompe,50.9,2.77,3.17,2.14,0
2025-06-16,3,moteur_DE,58.4,2.64,1.01,2.21,0
2025-06-16,3,moteur_NDE,51.8,2.32,1.72,2.49,0
2025-06-16,3,pompe,49.9,2.38,2.28,3.14,0
2025-06-16,4,moteur_DE,54.8,2.56,2.14,1.93,0
2025-06-16,4,moteur_NDE,54.5,2.14,2.45,2.18,0
2025-06-16,4,pompe,49.1,2.76,2.74,2.61,0
2025-06-23,1,moteur_DE,57.2,2.61,1.72,2.0,0
2025-06-23,1,moteur_NDE,53.6,2.02,2.44,1.42,0
2025-06-23,1,pompe,49.8,2.29,2.43,2.74,0
2025-06-23,2,moteur_DE,56.0,2.79,2.15,2.78,0
2025-06-23,2,moteur_NDE,51.5,1.83,1.43,2.18,0
2025-06-23,2,pompe,51.3,2.79,2.68,2.84,0
2025-06-23,3,moteur_DE,56.2,2.6,2.18,2.68,0
2025-06-23,3,moteur_NDE,55.1,1.63,2.31,2.18,0
2025-06-23,3,pompe,51.2,2.36,2.75,2.63,0
2025-06-23,4,moteur_DE,56.8,2.2,2.42,2.39,0
2025-06-23,4,moteur_NDE,54.4,1.74,1.78,2.05,0
2025-06-23,4,pompe,49.7,2.37,2.58,2.06,0
2025-06-30,1,moteur_DE,54.4,1.94,2.07,2.07,0
2025-06-30,1,moteur_NDE,51.7,1.77,2.18,1.89,0
2025-06-30,1,pompe,49.3,2.8,2.72,2.53,0
2025-06-30,2,moteur_DE,54.8,1.7,2.3,2.38,0
2025-06-30,2,moteur_NDE,56.2,1.88,2.06,1.49,0
2025-06-30,2,pompe,47.4,2.27,3.05,2.65,0
2025-06-30,3,moteur_DE,62.8,2.24,4.58,2.49,1
2025-06-30,3,moteur_NDE,52.7,2.0,1.93,2.01,0
2025-06-30,3,pompe,48.6,2.34,2.81,2.92,0
2025-06-30,4,moteur_DE,55.1,2.26,2.72,2.08,0
2025-06-30,4,moteur_NDE,53.5,2.03,2.58,2.03,0
2025-06-30,4,pompe,54.3,2.33,7.07,2.77,1
2025-07-07,1,moteur_DE,54.2,1.46,2.35,2.05,0
2025-07-07,1,moteur_NDE,51.2,2.41,2.42,2.05,0
2025-07-07,1,pompe,49.4,2.26,3.15,2.34,0
2025-07-07,2,moteur_DE,55.2,2.05,2.28,2.47,0
2025-07-07,2,moteur_NDE,52.9,1.99,2.06,2.13,0
2025-07-07,2,pompe,51.1,2.72,2.53,2.19,0
2025-07-07,3,moteur_DE,57.0,1.94,2.82,2.27,0
2025-07-07,3,moteur_NDE,53.5,2.3,2.26,2.3,0
2025-07-07,3,pompe,47.9,2.87,2.31,2.56,0
2025-07-07,4,moteur_DE,55.3,2.09,2.33,2.29,0
2025-07-07,4,moteur_NDE,52.3,1.76,2.28,1.8,0
2025-07-07,4,pompe,48.1,2.52,2.38,2.72,0
2025-07-14,1,moteur_DE,55.2,1.81,2.34,2.18,0
2025-07-14,1,moteur_NDE,53.5,2.02,1.95,2.35,0
2025-07-14,1,pompe,50.2,2.33,2.11,2.75,0
2025-07-14,2,moteur_DE,55.2,2.21,2.17,2.07,0
2025-07-14,2,moteur_NDE,50.3,2.32,1.8,1.97,0
2025-07-14,2,pompe,49.3,2.21,2.8,2.12,0
2025-07-14,3,moteur_DE,54.2,1.7,2.47,2.35,0
2025-07-14,3,moteur_NDE,54.0,2.22,2.08,1.9,0
2025-07-14,3,pompe,55.4,2.39,7.5,2.46,1
2025-07-14,4,moteur_DE,53.7,2.4,2.49,2.52,0
2025-07-14,4,moteur_NDE,50.0,2.42,1.59,1.91,0
2025-07-14,4,pompe,50.4,2.65,2.79,2.51,0
2025-07-21,1,moteur_DE,52.7,2.12,2.37,2.11,0
2025-07-21,1,moteur_NDE,54.3,1.48,2.09,1.66,0
2025-07-21,1,pompe,47.8,2.41,3.07,3.19,0
2025-07-21,2,moteur_DE,54.9,2.06,2.19,1.88,0
2025-07-21,2,moteur_NDE,53.4,2.37,2.19,1.84,0
2025-07-21,2,pompe,47.9,3.19,1.99,2.22,0
2025-07-21,3,moteur_DE,55.0,1.92,1.93,2.55,0
2025-07-21,3,moteur_NDE,62.0,7.4,1.98,1.85,1
2025-07-21,3,pompe,51.0,2.87,3.26,2.89,0
2025-07-21,4,moteur_DE,56.6,1.97,1.86,2.33,0
2025-07-21,4,moteur_NDE,50.7,1.92,2.25,2.3,0
2025-07-21,4,pompe,50.8,2.5,2.62,2.28,0
2025-07-28,1,moteur_DE,54.7,2.24,2.11,1.84,0
2025-07-28,1,moteur_NDE,53.6,1.99,2.24,1.89,0
2025-07-28,1,pompe,49.0,2.45,2.51,3.17,0
2025-07-28,2,moteur_DE,55.4,2.34,1.83,2.32,0
2025-07-28,2,moteur_NDE,49.8,2.2,2.11,1.99,0
2025-07-28,2,pompe,51.6,2.69,1.89,2.83,0
2025-07-28,3,moteur_DE,55.3,2.9,1.59,2.09,0
2025-07-28,3,moteur_NDE,53.8,2.03,1.99,2.18,0
2025-07-28,3,pompe,52.8,2.59,3.25,2.45,0
2025-07-28,4,moteur_DE,57.8,2.64,2.35,1.84,0
2025-07-28,4,moteur_NDE,52.7,1.77,2.14,1.87,0
2025-07-28,4,pompe,51.9,2.52,2.06,2.91,0
2025-08-04,1,moteur_DE,56.9,2.12,2.12,1.48,0
2025-08-04,1,moteur_NDE,53.2,1.83,2.19,2.22,0
2025-08-04,1,pompe,49.9,2.42,3.68,2.28,0
2025-08-04,2,moteur_DE,55.4,2.49,2.13,2.43,0
2025-08-04,2,moteur_NDE,51.5,2.13,2.28,1.84,0
2025-08-04,2,pompe,49.1,2.62,2.85,2.72,0
2025-08-04,3,moteur_DE,53.9,1.92,2.06,1.73,0
2025-08-04,3,moteur_NDE,52.5,2.27,1.95,1.72,0
2025-08-04,3,pompe,49.6,2.66,2.26,2.61,0
2025-08-04,4,moteur_DE,53.4,1.94,1.59,2.76,0
2025-08-04,4,moteur_NDE,53.1,1.98,2.36,1.96,0
2025-08-04,4,pompe,51.1,2.77,2.97,2.67,0
2025-08-11,1,moteur_DE,57.0,2.41,1.76,2.0,0
2025-08-11,1,moteur_NDE,52.1,1.96,1.77,1.45,0
2025-08-11,1,pompe,48.4,2.22,2.64,2.71,0
2025-08-11,2,moteur_DE,55.3,2.42,2.32,1.9,0
2025-08-11,2,moteur_NDE,54.1,2.39,2.33,1.5,0
2025-08-11,2,pompe,51.9,2.29,2.61,2.56,0
2025-08-11,3,moteur_DE,58.2,2.18,2.06,1.94,0
2025-08-11,3,moteur_NDE,53.9,1.87,2.03,2.63,0
2025-08-11,3,pompe,49.7,2.81,2.79,2.46,0
2025-08-11,4,moteur_DE,53.6,1.95,1.76,1.95,0
2025-08-11,4,moteur_NDE,50.4,2.22,1.68,1.78,0
2025-08-11,4,pompe,46.5,2.55,1.87,2.98,0
2025-08-18,1,moteur_DE,60.7,2.54,1.97,6.95,1
2025-08-18,1,moteur_NDE,52.4,1.95,2.02,1.31,0
2025-08-18,1,pompe,49.5,2.38,2.55,2.06,0
2025-08-18,2,moteur_DE,57.5,2.5,2.21,2.35,0
2025-08-18,2,moteur_NDE,51.2,1.69,2.21,2.24,0
2025-08-18,2,pompe,50.1,3.08,3.15,2.49,0
2025-08-18,3,moteur_DE,53.6,2.83,2.63,2.21,0
2025-08-18,3,moteur_NDE,55.8,1.9,1.98,1.7,0
2025-08-18,3,pompe,50.4,2.76,2.49,2.5,0
2025-08-18,4,moteur_DE,55.4,2.14,2.04,2.29,0
2025-08-18,4,moteur_NDE,52.0,1.98,2.32,2.2,0
2025-08-18,4,pompe,50.3,3.04,3.03,2.85,0
2025-08-25,1,moteur_DE,56.4,2.05,2.76,2.1,0
2025-08-25,1,moteur_NDE,50.9,1.84,1.64,2.51,0
2025-08-25,1,pompe,50.2,2.37,2.66,2.17,0
2025-08-25,2,moteur_DE,53.6,1.69,2.37,2.24,0
2025-08-25,2,moteur_NDE,62.6,2.14,5.27,1.87,1
2025-08-25,2,pompe,49.9,2.68,2.86,2.44,0
2025-08-25,3,moteur_DE,61.1,1.98,2.22,6.63,1
2025-08-25,3,moteur_NDE,53.5,2.16,1.72,2.18,0
2025-08-25,3,pompe,50.4,2.23,2.74,2.87,0
2025-08-25,4,moteur_DE,55.2,2.41,2.08,1.94,0
2025-08-25,4,moteur_NDE,51.4,2.06,1.41,2.07,0
2025-08-25,4,pompe,50.8,3.02,2.8,2.48,0
2025-09-01,1,moteur_DE,53.8,2.73,1.98,2.05,0
2025-09-01,1,moteur_NDE,52.8,2.73,2.06,1.77,0
2025-09-01,1,pompe,49.8,2.73,2.84,3.16,0
2025-09-01,2,moteur_DE,52.8,1.89,2.6,1.71,0
2025-09-01,2,moteur_NDE,55.1,1.45,2.14,2.48,0
2025-09-01,2,pompe,47.6,2.27,2.79,2.87,0
2025-09-01,3,moteur_DE,56.4,2.27,2.03,2.37,0
2025-09-01,3,moteur_NDE,47.8,1.1,1.85,1.64,0
2025-09-01,3,pompe,50.0,2.34,2.79,2.74,0
2025-09-01,4,moteur_DE,56.6,2.42,2.45,2.28,0
2025-09-01,4,moteur_NDE,52.6,2.06,2.03,1.52,0
2025-09-01,4,pompe,51.7,2.5,3.1,2.63,0
2025-09-08,1,moteur_DE,57.2,2.46,2.11,2.28,0
2025-09-08,1,moteur_NDE,51.8,1.53,2.24,1.98,0
2025-09-08,1,pompe,49.8,2.58,2.49,2.28,0
2025-09-08,2,moteur_DE,55.9,2.01,1.54,2.08,0
2025-09-08,2,moteur_NDE,52.6,2.11,2.66,1.41,0
2025-09-08,2,pompe,47.6,2.71,3.13,2.25,0
2025-09-08,3,moteur_DE,56.8,2.64,2.4,2.06,0
2025-09-08,3,moteur_NDE,47.4,1.38,1.82,1.8,0
2025-09-08,3,pompe,49.0,2.47,2.82,2.79,0
2025-09-08,4,moteur_DE,53.0,2.34,1.99,2.1,0
2025-09-08,4,moteur_NDE,52.9,2.15,1.89,1.79,0
2025-09-08,4,pompe,47.7,2.85,2.75,2.16,0
2025-09-15,1,moteur_DE,55.1,2.42,1.85,2.13,0
2025-09-15,1,moteur_NDE,50.0,1.69,1.89,2.14,0
2025-09-15,1,pompe,48.8,2.71,3.21,2.44,0
2025-09-15,2,moteur_DE,54.1,2.47,3.07,2.32,0
2025-09-15,2,moteur_NDE,53.2,1.9,1.61,1.97,0
2025-09-15,2,pompe,52.9,2.31,2.42,2.86,0
2025-09-15,3,moteur_DE,53.6,2.65,2.16,2.17,0
2025-09-15,3,moteur_NDE,50.6,2.23,2.12,1.96,0
2025-09-15,3,pompe,47.7,3.04,2.52,2.73,0
2025-09-15,4,moteur_DE,54.1,1.88,2.75,2.03,0
2025-09-15,4,moteur_NDE,54.1,2.73,2.02,1.36,0
2025-09-15,4,pompe,52.3,2.37,2.67,2.78,0
2025-09-22,1,moteur_DE,56.3,2.43,2.09,2.32,0
2025-09-22,1,moteur_NDE,54.3,1.96,2.2,1.98,0
2025-09-22,1,pompe,50.7,2.65,2.38,2.99,0
2025-09-22,2,moteur_DE,56.5,2.86,2.15,2.41,0
2025-09-22,2,moteur_NDE,52.1,1.68,2.14,1.86,0
2025-09-22,2,pompe,51.3,1.99,2.76,2.64,0
2025-09-22,3,moteur_DE,55.5,2.18,2.33,2.15,0
2025-09-22,3,moteur_NDE,53.6,2.78,1.96,2.48,0
2025-09-22,3,pompe,49.0,2.99,2.64,2.21,0
2025-09-22,4,moteur_DE,52.8,1.78,1.67,2.28,0
2025-09-22,4,moteur_NDE,51.0,1.82,1.5,2.32,0
2025-09-22,4,pompe,48.2,3.22,2.39,2.6,0
2025-09-29,1,moteur_DE,55.5,2.17,2.57,2.07,0
2025-09-29,1,moteur_NDE,51.3,1.69,2.0,2.04,0
2025-09-29,1,pompe,53.1,2.27,2.76,7.33,1
2025-09-29,2,moteur_DE,53.6,2.41,2.28,2.06,0
2025-09-29,2,moteur_NDE,50.9,2.18,1.92,1.9,0
2025-09-29,2,pompe,48.9,2.71,2.38,2.5,0
2025-09-29,3,moteur_DE,55.0,2.34,1.84,2.35,0
2025-09-29,3,moteur_NDE,53.1,2.32,1.76,1.66,0
2025-09-29,3,pompe,51.6,2.46,2.61,3.06,0
2025-09-29,4,moteur_DE,53.0,1.99,2.59,2.4,0
2025-09-29,4,moteur_NDE,51.0,2.47,2.15,1.59,0
2025-09-29,4,pompe,52.6,1.84,2.36,3.05,0
2025-10-06,1,moteur_DE,58.5,2.44,2.41,2.63,0
2025-10-06,1,moteur_NDE,53.6,1.98,2.32,2.16,0
2025-10-06,1,pompe,47.6,2.36,2.3,2.71,0
2025-10-06,2,moteur_DE,55.3,2.21,2.37,2.03,0
2025-10-06,2,moteur_NDE,53.4,1.85,2.08,2.19,0
2025-10-06,2,pompe,49.6,2.61,2.51,3.01,0
2025-10-06,3,moteur_DE,53.8,2.53,2.16,2.13,0
2025-10-06,3,moteur_NDE,50.4,2.5,2.25,1.91,0
2025-10-06,3,pompe,52.1,2.51,2.82,3.19,0
2025-10-06,4,moteur_DE,53.2,2.54,2.47,2.15,0
2025-10-06,4,moteur_NDE,56.5,2.11,2.54,7.26,1
2025-10-06,4,pompe,48.8,2.98,2.15,2.28,0
2025-10-13,1,moteur_DE,57.7,2.22,1.88,2.73,0
2025-10-13,1,moteur_NDE,51.5,1.61,2.25,2.46,0
2025-10-13,1,pompe,47.7,2.78,2.59,2.88,0
2025-10-13,2,moteur_DE,56.8,2.36,1.96,2.26,0
2025-10-13,2,moteur_NDE,53.0,1.71,2.28,2.05,0
2025-10-13,2,pompe,47.6,2.37,2.38,2.3,0
2025-10-13,3,moteur_DE,56.3,2.03,2.54,1.91,0
2025-10-13,3,moteur_NDE,51.8,2.0,2.27,2.49,0
2025-10-13,3,pompe,50.0,2.36,2.04,2.55,0
2025-10-13,4,moteur_DE,56.3,2.26,2.49,1.95,0
2025-10-13,4,moteur_NDE,51.7,2.13,2.01,1.99,0
2025-10-13,4,pompe,50.5,2.77,3.04,2.3,0
2025-10-20,1,moteur_DE,58.1,2.32,2.54,2.0,0
2025-10-20,1,moteur_NDE,52.8,2.14,1.96,1.72,0
2025-10-20,1,pompe,50.0,2.14,3.3,2.54,0
2025-10-20,2,moteur_DE,56.7,1.98,2.2,2.07,0
2025-10-20,2,moteur_NDE,52.9,2.26,2.55,1.85,0
2025-10-20,2,pompe,63.6,8.59,2.58,2.76,1
2025-10-20,3,moteur_DE,56.4,1.91,2.61,2.26,0
2025-10-20,3,moteur_NDE,53.9,1.68,2.38,1.75,0
2025-10-20,3,pompe,48.7,3.21,3.01,2.35,0
2025-10-20,4,moteur_DE,54.0,1.91,2.47,2.13,0
2025-10-20,4,moteur_NDE,51.5,2.07,2.53,1.83,0
2025-10-20,4,pompe,50.7,2.97,2.55,2.93,0
2025-10-27,1,moteur_DE,62.5,7.59,1.98,2.46,1
2025-10-27,1,moteur_NDE,50.9,2.21,2.05,1.64,0
2025-10-27,1,pompe,50.1,2.89,3.16,2.66,0
2025-10-27,2,moteur_DE,57.0,2.44,1.86,1.77,0
2025-10-27,2,moteur_NDE,50.9,2.23,1.91,2.48,0
2025-10-27,2,pompe,49.0,2.88,2.45,3.1,0
2025-10-27,3,moteur_DE,54.9,2.86,2.6,1.8,0
2025-10-27,3,moteur_NDE,53.4,1.6,1.87,1.92,0
2025-10-27,3,pompe,49.5,2.46,2.76,2.73,0
2025-10-27,4,moteur_DE,55.3,2.16,2.09,2.58,0
2025-10-27,4,moteur_NDE,49.5,2.33,1.85,2.05,0
2025-10-27,4,pompe,48.9,2.58,2.59,1.93,0
2025-11-03,1,moteur_DE,54.8,1.89,1.83,1.94,0
2025-11-03,1,moteur_NDE,53.0,1.83,2.01,2.19,0
2025-11-03,1,pompe,50.6,2.56,2.47,2.53,0
2025-11-03,2,moteur_DE,56.0,1.59,2.32,2.14,0
2025-11-03,2,moteur_NDE,51.7,1.55,2.15,2.0,0
2025-11-03,2,pompe,47.3,1.57,3.04,2.23,0
2025-11-03,3,moteur_DE,54.4,1.44,2.13,2.48,0
2025-11-03,3,moteur_NDE,55.1,2.08,1.51,2.43,0
2025-11-03,3,pompe,51.8,2.56,3.02,2.68,0
2025-11-03,4,moteur_DE,54.7,1.85,2.25,2.14,0
2025-11-03,4,moteur_NDE,51.2,2.02,1.97,1.29,0
2025-11-03,4,pompe,56.5,7.7,2.88,3.05,1
2025-11-10,1,moteur_DE,56.3,2.25,1.5,1.98,0
2025-11-10,1,moteur_NDE,50.1,2.53,1.47,2.25,0
2025-11-10,1,pompe,50.4,2.29,2.88,2.88,0
2025-11-10,2,moteur_DE,62.2,2.23,4.54,1.85,1
2025-11-10,2,moteur_NDE,52.1,2.19,1.37,1.49,0
2025-11-10,2,pompe,49.3,2.61,2.65,2.92,0
2025-11-10,3,moteur_DE,57.3,1.6,2.57,2.44,0
2025-11-10,3,moteur_NDE,49.2,2.47,2.57,1.66,0
2025-11-10,3,pompe,48.0,2.37,2.26,2.94,0
2025-11-10,4,moteur_DE,55.7,2.35,1.92,2.17,0
2025-11-10,4,moteur_NDE,53.1,1.79,2.28,1.77,0
2025-11-10,4,pompe,52.5,2.29,1.99,2.69,0
2025-11-17,1,moteur_DE,53.9,2.25,1.9,2.43,0
2025-11-17,1,moteur_NDE,51.9,1.85,1.83,2.38,0
2025-11-17,1,pompe,52.5,2.38,3.43,3.16,0
2025-11-17,2,moteur_DE,54.6,2.06,1.67,2.18,0
2025-11-17,2,moteur_NDE,53.0,2.01,1.75,1.91,0
2025-11-17,2,pompe,50.8,2.88,2.71,2.69,0
2025-11-17,3,moteur_DE,54.4,2.26,2.15,1.96,0
2025-11-17,3,moteur_NDE,51.8,1.92,1.74,2.2,0
2025-11-17,3,pompe,48.3,3.1,2.84,2.69,0
2025-11-17,4,moteur_DE,54.9,2.02,2.44,2.06,0
2025-11-17,4,moteur_NDE,53.7,2.42,1.77,2.67,0
2025-11-17,4,pompe,48.9,2.72,2.96,2.68,0
2025-11-24,1,moteur_DE,54.7,2.36,1.89,2.31,0
2025-11-24,1,moteur_NDE,51.1,2.38,2.21,2.47,0
2025-11-24,1,pompe,52.2,2.61,2.41,2.59,0
2025-11-24,2,moteur_DE,52.7,2.6,2.24,2.26,0
2025-11-24,2,moteur_NDE,52.1,1.15,1.79,2.4,0
2025-11-24,2,pompe,48.9,3.0,1.99,2.28,0
2025-11-24,3,moteur_DE,63.0,11.61,2.11,2.08,1
2025-11-24,3,moteur_NDE,53.5,2.08,2.42,2.42,0
2025-11-24,3,pompe,51.8,2.49,2.35,2.7,0
2025-11-24,4,moteur_DE,56.1,2.12,1.74,2.36,0
2025-11-24,4,moteur_NDE,52.8,1.79,2.16,2.03,0
2025-11-24,4,pompe,51.3,3.1,2.44,2.45,0
2025-12-01,1,moteur_DE,54.0,2.57,2.9,2.12,0
2025-12-01,1,moteur_NDE,53.9,2.19,1.6,2.14,0
2025-12-01,1,pompe,49.2,2.7,2.52,3.01,0
2025-12-01,2,moteur_DE,56.6,1.9,2.04,1.68,0
2025-12-01,2,moteur_NDE,55.4,1.78,2.39,2.13,0
2025-12-01,2,pompe,50.9,2.78,2.64,3.64,0
2025-12-01,3,moteur_DE,56.0,2.57,2.32,2.39,0
2025-12-01,3,moteur_NDE,52.6,1.78,1.86,2.46,0
2025-12-01,3,pompe,51.1,2.89,2.63,2.36,0
2025-12-01,4,moteur_DE,56.4,2.46,2.0,2.47,0
2025-12-01,4,moteur_NDE,58.6,4.87,1.73,1.99,1
2025-12-01,4,pompe,50.9,2.44,2.73,2.33,0
2025-12-08,1,moteur_DE,56.3,2.12,1.96,1.78,0
2025-12-08,1,moteur_NDE,50.8,1.53,1.58,1.86,0
2025-12-08,1,pompe,51.1,2.12,2.92,2.95,0
2025-12-08,2,moteur_DE,52.2,2.13,2.18,2.13,0
2025-12-08,2,moteur_NDE,53.2,1.79,2.1,1.74,0
2025-12-08,2,pompe,48.9,2.45,2.5,3.31,0
2025-12-08,3,moteur_DE,56.1,2.11,1.95,2.01,0
2025-12-08,3,moteur_NDE,49.4,2.17,1.82,1.52,0
2025-12-08,3,pompe,50.4,2.5,2.91,2.23,0
2025-12-08,4,moteur_DE,58.5,6.03,2.39,2.07,1
2025-12-08,4,moteur_NDE,48.9,1.96,2.36,1.7,0
2025-12-08,4,pompe,49.1,2.49,2.85,2.3,0
2025-12-15,1,moteur_DE,57.4,2.43,2.47,2.31,0
2025-12-15,1,moteur_NDE,53.9,2.21,1.89,2.45,0
2025-12-15,1,pompe,51.5,2.31,3.55,2.44,0
2025-12-15,2,moteur_DE,55.3,2.1,2.44,2.32,0
2025-12-15,2,moteur_NDE,50.9,2.19,1.86,2.41,0
2025-12-15,2,pompe,48.5,2.38,2.51,2.68,0
2025-12-15,3,moteur_DE,53.1,2.56,1.9,2.31,0
2025-12-15,3,moteur_NDE,51.3,2.13,2.05,2.03,0
2025-12-15,3,pompe,50.1,2.48,2.68,2.2,0
2025-12-15,4,moteur_DE,53.7,1.76,1.93,2.04,0
2025-12-15,4,moteur_NDE,50.0,2.18,2.18,2.15,0
2025-12-15,4,pompe,51.9,2.69,3.08,2.66,0
2025-12-22,1,moteur_DE,55.2,2.26,2.14,2.21,0
2025-12-22,1,moteur_NDE,52.2,1.8,2.1,1.62,0
2025-12-22,1,pompe,52.6,2.8,2.52,2.97,0
2025-12-22,2,moteur_DE,51.4,1.72,2.3,2.49,0
2025-12-22,2,moteur_NDE,51.4,2.13,2.27,1.96,0
2025-12-22,2,pompe,48.1,2.38,2.72,2.56,0
2025-12-22,3,moteur_DE,54.3,1.87,1.85,2.48,0
2025-12-22,3,moteur_NDE,51.7,1.88,1.75,2.33,0
2025-12-22,3,pompe,53.4,2.82,3.23,6.28,1
2025-12-22,4,moteur_DE,54.9,1.86,2.53,1.93,0
2025-12-22,4,moteur_NDE,52.3,1.72,1.71,2.34,0
2025-12-22,4,pompe,49.1,2.93,2.44,2.73,0
2025-12-29,1,moteur_DE,59.8,2.31,2.79,5.02,1
2025-12-29,1,moteur_NDE,50.8,1.92,2.15,2.08,0
2025-12-29,1,pompe,50.2,2.81,2.93,2.5,0
2025-12-29,2,moteur_DE,57.4,1.72,2.03,2.88,0
2025-12-29,2,moteur_NDE,49.7,2.25,1.98,1.39,0
2025-12-29,2,pompe,50.3,2.61,2.78,2.95,0
2025-12-29,3,moteur_DE,53.9,2.38,1.81,2.15,0
2025-12-29,3,moteur_NDE,49.3,2.05,1.86,2.15,0
2025-12-29,3,pompe,54.6,6.01,2.56,2.87,1
2025-12-29,4,moteur_DE,52.7,1.72,2.54,2.27,0
2025-12-29,4,moteur_NDE,50.6,1.7,1.84,2.27,0
2025-12-29,4,pompe,53.7,2.68,2.4,2.63,0
2026-01-05,1,moteur_DE,53.4,1.98,2.04,2.18,0
2026-01-05,1,moteur_NDE,49.7,1.76,1.92,2.4,0
2026-01-05,1,pompe,50.8,2.55,2.86,2.65,0
2026-01-05,2,moteur_DE,56.7,2.06,2.03,2.42,0
2026-01-05,2,moteur_NDE,52.3,1.78,1.88,2.19,0
2026-01-05,2,pompe,52.3,3.08,3.03,2.77,0
2026-01-05,3,moteur_DE,57.3,2.26,2.22,1.88,0
2026-01-05,3,moteur_NDE,50.6,2.01,2.13,2.0,0
2026-01-05,3,pompe,55.0,2.26,2.82,7.33,1
2026-01-05,4,moteur_DE,51.7,2.37,2.15,2.51,0
2026-01-05,4,moteur_NDE,60.2,7.11,1.79,2.0,1
2026-01-05,4,pompe,48.3,2.52,3.25,2.68,0
2026-01-12,1,moteur_DE,55.3,2.52,2.3,2.24,0
2026-01-12,1,moteur_NDE,53.1,1.83,2.01,1.37,0
2026-01-12,1,pompe,49.4,3.06,2.49,2.6,0
2026-01-12,2,moteur_DE,54.9,2.78,1.93,2.67,0
2026-01-12,2,moteur_NDE,52.0,1.85,1.89,1.92,0
2026-01-12,2,pompe,51.4,2.82,2.16,2.54,0
2026-01-12,3,moteur_DE,57.9,2.12,2.19,2.47,0
2026-01-12,3,moteur_NDE,52.2,1.89,2.12,2.34,0
2026-01-12,3,pompe,51.6,3.12,3.0,3.21,0
2026-01-12,4,moteur_DE,57.8,2.41,2.48,2.29,0
2026-01-12,4,moteur_NDE,50.4,2.25,1.63,1.57,0
2026-01-12,4,pompe,52.4,5.24,2.25,2.13,1
2026-01-19,1,moteur_DE,54.4,1.89,2.35,2.19,0
2026-01-19,1,moteur_NDE,53.6,1.73,2.01,1.9,0
2026-01-19,1,pompe,49.1,2.92,2.38,2.38,0
2026-01-19,2,moteur_DE,56.0,2.02,2.3,2.22,0
2026-01-19,2,moteur_NDE,53.7,2.33,1.54,2.08,0
2026-01-19,2,pompe,47.3,2.47,2.76,3.02,0
2026-01-19,3,moteur_DE,54.2,2.33,2.32,2.27,0
2026-01-19,3,moteur_NDE,49.7,2.25,2.11,1.36,0
2026-01-19,3,pompe,48.9,2.23,2.29,2.67,0
2026-01-19,4,moteur_DE,53.6,2.63,2.7,2.27,0
2026-01-19,4,moteur_NDE,56.2,7.42,2.15,2.11,1
2026-01-19,4,pompe,51.4,2.85,3.0,2.42,0
2026-01-26,1,moteur_DE,58.8,2.18,2.14,2.34,0
2026-01-26,1,moteur_NDE,50.5,2.11,1.65,1.86,0
2026-01-26,1,pompe,49.1,3.01,2.79,3.16,0
2026-01-26,2,moteur_DE,54.7,2.66,2.12,2.31,0
2026-01-26,2,moteur_NDE,50.5,1.6,2.08,2.47,0
2026-01-26,2,pompe,48.7,2.24,2.47,2.47,0
2026-01-26,3,moteur_DE,54.1,2.12,1.97,2.31,0
2026-01-26,3,moteur_NDE,53.4,2.23,1.86,1.89,0
2026-01-26,3,pompe,50.2,2.46,2.82,2.1,0
2026-01-26,4,moteur_DE,55.5,2.51,2.35,2.46,0
2026-01-26,4,moteur_NDE,51.1,2.12,2.25,1.69,0
2026-01-26,4,pompe,50.4,2.35,2.52,2.47,0
2026-02-02,1,moteur_DE,57.5,2.0,2.36,2.07,0
2026-02-02,1,moteur_NDE,51.1,2.36,2.43,2.04,0
2026-02-02,1,pompe,50.5,2.69,2.7,2.71,0
2026-02-02,2,moteur_DE,55.7,2.76,2.41,2.34,0
2026-02-02,2,moteur_NDE,51.8,2.45,1.72,1.87,0
2026-02-02,2,pompe,50.6,2.42,2.4,3.15,0
2026-02-02,3,moteur_DE,54.2,2.41,1.92,2.31,0
2026-02-02,3,moteur_NDE,51.8,1.81,1.53,1.98,0
2026-02-02,3,pompe,51.8,2.43,2.44,2.64,0
2026-02-02,4,moteur_DE,55.3,1.83,2.23,2.05,0
2026-02-02,4,moteur_NDE,52.4,1.04,1.69,1.82,0
2026-02-02,4,pompe,50.9,2.95,2.8,3.01,0
2026-02-09,1,moteur_DE,53.5,2.39,2.0,1.84,0
2026-02-09,1,moteur_NDE,51.8,2.08,2.25,2.12,0
2026-02-09,1,pompe,50.4,2.4,2.72,2.66,0
2026-02-09,2,moteur_DE,55.2,2.52,1.64,2.1,0
2026-02-09,2,moteur_NDE,50.7,1.99,1.92,1.86,0
2026-02-09,2,pompe,51.7,2.59,2.3,2.17,0
2026-02-09,3,moteur_DE,53.9,2.77,2.16,1.82,0
2026-02-09,3,moteur_NDE,52.1,2.05,2.15,2.26,0
2026-02-09,3,pompe,50.6,3.25,2.15,3.12,0
2026-02-09,4,moteur_DE,56.6,2.59,2.73,2.4,0
2026-02-09,4,moteur_NDE,50.0,1.77,2.14,1.83,0
2026-02-09,4,pompe,51.1,2.71,2.63,2.48,0
2026-02-16,1,moteur_DE,55.4,1.98,2.71,2.43,0
2026-02-16,1,moteur_NDE,53.0,2.03,1.91,2.28,0
2026-02-16,1,pompe,48.0,2.46,2.51,2.77,0
2026-02-16,2,moteur_DE,55.8,2.35,2.32,2.56,0
2026-02-16,2,moteur_NDE,54.0,1.82,1.69,1.49,0
2026-02-16,2,pompe,64.3,7.47,2.68,2.33,1
2026-02-16,3,moteur_DE,52.8,2.41,2.17,2.33,0
2026-02-16,3,moteur_NDE,53.9,2.19,1.33,1.58,0
2026-02-16,3,pompe,45.5,2.77,2.59,2.3,0
2026-02-16,4,moteur_DE,55.4,2.47,2.45,2.97,0
2026-02-16,4,moteur_NDE,52.5,1.97,2.23,1.61,0
2026-02-16,4,pompe,52.0,2.34,2.84,2.28,0
2026-02-23,1,moteur_DE,54.5,2.63,1.67,2.67,0
2026-02-23,1,moteur_NDE,52.5,2.28,1.84,2.31,0
2026-02-23,1,pompe,49.5,2.68,2.15,2.76,0
2026-02-23,2,moteur_DE,54.4,2.45,2.12,2.39,0
2026-02-23,2,moteur_NDE,49.6,1.77,1.91,2.62,0
2026-02-23,2,pompe,52.6,3.2,2.72,2.75,0
2026-02-23,3,moteur_DE,55.8,2.38,2.48,2.21,0
2026-02-23,3,moteur_NDE,53.9,2.02,2.17,1.98,0
2026-02-23,3,pompe,53.0,2.32,2.4,2.9,0
2026-02-23,4,moteur_DE,56.0,2.33,2.32,2.15,0
2026-02-23,4,moteur_NDE,48.7,2.32,2.38,1.8,0
2026-02-23,4,pompe,48.9,2.52,2.51,1.9,0
2026-03-02,1,moteur_DE,55.2,1.63,2.17,2.1,0
2026-03-02,1,moteur_NDE,53.2,1.79,2.06,2.39,0
2026-03-02,1,pompe,48.7,3.16,2.67,2.53,0
2026-03-02,2,moteur_DE,57.7,2.58,2.08,1.54,0
2026-03-02,2,moteur_NDE,50.7,1.75,2.3,1.52,0
2026-03-02,2,pompe,49.4,2.84,2.46,2.13,0
2026-03-02,3,moteur_DE,54.4,2.69,2.44,2.21,0
2026-03-02,3,moteur_NDE,54.4,2.18,1.88,1.28,0
2026-03-02,3,pompe,48.8,2.58,2.7,3.07,0
2026-03-02,4,moteur_DE,54.1,2.49,1.87,1.96,0
2026-03-02,4,moteur_NDE,51.2,1.77,1.75,1.55,0
2026-03-02,4,pompe,51.2,2.44,2.38,2.63,0
2026-03-09,1,moteur_DE,52.9,1.66,2.48,2.06,0
2026-03-09,1,moteur_NDE,51.0,2.32,2.2,2.03,0
2026-03-09,1,pompe,47.8,2.01,2.88,2.58,0
2026-03-09,2,moteur_DE,54.2,2.32,1.9,2.5,0
2026-03-09,2,moteur_NDE,53.0,2.08,2.13,2.01,0
2026-03-09,2,pompe,53.2,2.56,5.54,3.0,1
2026-03-09,3,moteur_DE,52.0,2.45,1.88,2.52,0
2026-03-09,3,moteur_NDE,51.9,2.22,2.09,1.99,0
2026-03-09,3,pompe,49.1,2.34,2.15,2.77,0
2026-03-09,4,moteur_DE,53.7,2.19,1.79,2.38,0
2026-03-09,4,moteur_NDE,50.9,1.35,2.4,1.74,0
2026-03-09,4,pompe,50.6,2.47,1.97,3.1,0
2026-03-16,1,moteur_DE,55.4,1.87,2.63,2.16,0
2026-03-16,1,moteur_NDE,58.4,4.69,1.71,1.63,1
2026-03-16,1,pompe,50.7,2.66,2.83,2.65,0
2026-03-16,2,moteur_DE,54.7,1.92,2.4,1.91,0
2026-03-16,2,moteur_NDE,51.5,2.35,1.85,2.67,0
2026-03-16,2,pompe,50.2,1.96,2.9,2.55,0
2026-03-16,3,moteur_DE,53.8,2.0,2.9,2.45,0
2026-03-16,3,moteur_NDE,51.7,2.08,1.99,1.49,0
2026-03-16,3,pompe,50.4,2.24,2.53,2.63,0
2026-03-16,4,moteur_DE,54.8,2.25,1.86,2.34,0
2026-03-16,4,moteur_NDE,52.5,1.49,2.15,1.89,0
2026-03-16,4,pompe,50.3,2.69,2.66,2.4,0
2026-03-23,1,moteur_DE,57.1,2.13,1.92,2.21,0
2026-03-23,1,moteur_NDE,53.9,2.33,1.7,1.61,0
2026-03-23,1,pompe,49.7,2.43,2.34,2.26,0
2026-03-23,2,moteur_DE,54.3,1.82,1.44,2.59,0
2026-03-23,2,moteur_NDE,52.0,2.02,1.69,2.01,0
2026-03-23,2,pompe,51.8,2.53,2.4,3.26,0
2026-03-23,3,moteur_DE,55.4,2.29,2.29,2.59,0
2026-03-23,3,moteur_NDE,50.3,1.8,1.84,1.49,0
2026-03-23,3,pompe,49.0,3.38,2.75,2.75,0
2026-03-23,4,moteur_DE,57.2,1.98,2.53,2.1,0
2026-03-23,4,moteur_NDE,51.7,1.8,2.03,1.74,0
2026-03-23,4,pompe,49.0,3.07,2.61,2.89,0
2026-03-30,1,moteur_DE,53.3,2.26,2.23,1.89,0
2026-03-30,1,moteur_NDE,49.9,1.83,2.03,2.03,0
2026-03-30,1,pompe,51.5,3.31,2.69,2.54,0
2026-03-30,2,moteur_DE,55.8,2.07,1.92,2.35,0
2026-03-30,2,moteur_NDE,51.6,1.92,1.91,2.18,0
2026-03-30,2,pompe,50.8,3.05,3.06,2.88,0
2026-03-30,3,moteur_DE,54.1,1.73,2.21,2.13,0
2026-03-30,3,moteur_NDE,51.0,2.12,2.52,1.77,0
2026-03-30,3,pompe,50.7,2.07,2.64,2.78,0
2026-03-30,4,moteur_DE,54.4,2.15,2.43,2.7,0
2026-03-30,4,moteur_NDE,53.1,1.6,1.92,1.67,0
2026-03-30,4,pompe,49.8,2.25,2.85,2.5,0
2026-04-06,1,moteur_DE,54.6,1.7,2.4,2.27,0
2026-04-06,1,moteur_NDE,52.4,1.95,1.86,2.13,0
2026-04-06,1,pompe,51.1,2.55,2.22,2.84,0
2026-04-06,2,moteur_DE,64.4,1.75,9.43,1.91,1
2026-04-06,2,moteur_NDE,54.2,1.92,1.95,1.86,0
2026-04-06,2,pompe,48.7,2.17,2.61,2.45,0
2026-04-06,3,moteur_DE,55.2,2.0,2.06,1.74,0
2026-04-06,3,moteur_NDE,53.0,2.29,2.56,2.46,0
2026-04-06,3,pompe,48.0,2.92,2.49,3.24,0
2026-04-06,4,moteur_DE,56.6,1.8,1.93,1.96,0
2026-04-06,4,moteur_NDE,52.5,1.75,2.26,2.25,0
2026-04-06,4,pompe,51.5,2.89,2.02,2.31,0
2026-04-13,1,moteur_DE,55.0,2.26,1.95,2.17,0
2026-04-13,1,moteur_NDE,51.8,1.68,2.38,2.03,0
2026-04-13,1,pompe,50.2,2.36,2.79,2.46,0
2026-04-13,2,moteur_DE,55.0,2.85,1.95,2.6,0
2026-04-13,2,moteur_NDE,53.8,1.95,1.81,2.13,0
2026-04-13,2,pompe,49.9,2.3,2.49,2.59,0
2026-04-13,3,moteur_DE,55.2,2.3,2.39,1.87,0
2026-04-13,3,moteur_NDE,54.2,2.47,2.42,2.4,0
2026-04-13,3,pompe,51.8,2.53,2.54,2.65,0
2026-04-13,4,moteur_DE,52.4,2.23,1.71,2.39,0
2026-04-13,4,moteur_NDE,50.8,2.14,2.03,2.13,0
2026-04-13,4,pompe,47.4,2.38,2.69,1.89,0
2026-04-20,1,moteur_DE,57.0,2.24,2.81,1.79,0
2026-04-20,1,moteur_NDE,51.2,1.86,1.94,1.59,0
2026-04-20,1,pompe,48.9,2.15,2.84,2.42,0
2026-04-20,2,moteur_DE,63.6,2.2,2.11,5.0,1
2026-04-20,2,moteur_NDE,51.4,1.55,2.43,1.59,0
2026-04-20,2,pompe,52.5,2.63,2.62,2.7,0
2026-04-20,3,moteur_DE,58.1,1.89,5.09,2.44,1
2026-04-20,3,moteur_NDE,52.6,2.51,1.79,2.3,0
2026-04-20,3,pompe,51.0,3.13,2.17,2.64,0
2026-04-20,4,moteur_DE,55.6,2.29,2.24,2.02,0
2026-04-20,4,moteur_NDE,52.1,2.34,1.8,1.7,0
2026-04-20,4,pompe,49.6,2.91,2.48,2.96,0
2026-04-27,1,moteur_DE,55.4,1.92,2.1,1.94,0
2026-04-27,1,moteur_NDE,52.2,2.22,1.75,1.95,0
2026-04-27,1,pompe,50.4,2.53,2.65,2.4,0
2026-04-27,2,moteur_DE,54.3,2.35,2.18,2.83,0
2026-04-27,2,moteur_NDE,51.8,2.07,2.25,1.88,0
2026-04-27,2,pompe,51.9,3.05,3.03,2.25,0
2026-04-27,3,moteur_DE,68.7,1.88,10.15,2.27,1
2026-04-27,3,moteur_NDE,52.6,2.23,1.91,2.1,0
2026-04-27,3,pompe,49.8,2.35,2.45,2.63,0
2026-04-27,4,moteur_DE,54.9,1.02,2.45,2.4,0
2026-04-27,4,moteur_NDE,50.9,1.91,2.48,2.0,0
2026-04-27,4,pompe,51.0,2.45,2.87,2.65,0
2026-05-04,1,moteur_DE,55.0,1.51,2.33,2.1,0
2026-05-04,1,moteur_NDE,49.2,2.48,2.06,2.57,0
2026-05-04,1,pompe,48.8,2.79,2.89,2.78,0
2026-05-04,2,moteur_DE,55.7,2.16,2.65,2.51,0
2026-05-04,2,moteur_NDE,51.7,2.31,1.9,1.73,0
2026-05-04,2,pompe,48.2,2.25,2.6,2.8,0
2026-05-04,3,moteur_DE,53.8,1.49,2.46,2.19,0
2026-05-04,3,moteur_NDE,54.1,2.5,2.53,2.18,0
2026-05-04,3,pompe,48.6,2.7,2.75,3.28,0
2026-05-04,4,moteur_DE,55.5,2.17,2.18,2.47,0
2026-05-04,4,moteur_NDE,50.9,1.71,1.68,1.69,0
2026-05-04,4,pompe,48.6,2.95,3.18,3.22,0
2026-05-11,1,moteur_DE,53.2,2.42,2.14,2.22,0
2026-05-11,1,moteur_NDE,54.0,2.16,2.32,2.31,0
2026-05-11,1,pompe,50.9,2.8,2.8,2.18,0
2026-05-11,2,moteur_DE,55.0,2.37,2.53,2.12,0
2026-05-11,2,moteur_NDE,54.6,2.08,1.93,1.67,0
2026-05-11,2,pompe,49.3,2.51,1.95,2.72,0
2026-05-11,3,moteur_DE,55.0,2.31,2.33,2.22,0
2026-05-11,3,moteur_NDE,51.9,2.28,1.65,2.31,0
2026-05-11,3,pompe,51.8,2.77,2.38,2.75,0
2026-05-11,4,moteur_DE,57.5,2.14,2.83,1.69,0
2026-05-11,4,moteur_NDE,50.5,1.86,2.04,2.12,0
2026-05-11,4,pompe,51.4,2.81,2.77,2.68,0
2026-05-18,1,moteur_DE,52.3,2.59,2.72,2.58,0
2026-05-18,1,moteur_NDE,52.7,2.44,1.85,1.88,0
2026-05-18,1,pompe,52.8,2.33,2.98,2.9,0
2026-05-18,2,moteur_DE,53.9,1.89,2.29,2.35,0
2026-05-18,2,moteur_NDE,55.0,1.64,1.78,2.24,0
2026-05-18,2,pompe,47.6,2.32,2.89,2.68,0
2026-05-18,3,moteur_DE,55.1,2.04,2.01,2.27,0
2026-05-18,3,moteur_NDE,52.6,2.31,2.0,1.7,0
2026-05-18,3,pompe,49.7,2.53,2.67,2.75,0
2026-05-18,4,moteur_DE,55.0,2.18,2.35,1.74,0
2026-05-18,4,moteur_NDE,50.3,2.08,1.54,2.04,0
2026-05-18,4,pompe,51.2,2.97,2.12,3.04,0
2026-05-25,1,moteur_DE,52.7,2.29,2.14,2.44,0
2026-05-25,1,moteur_NDE,53.3,2.29,2.35,2.22,0
2026-05-25,1,pompe,50.1,2.63,2.51,1.95,0
2026-05-25,2,moteur_DE,54.0,2.55,2.78,2.05,0
2026-05-25,2,moteur_NDE,51.9,2.07,1.64,2.22,0
2026-05-25,2,pompe,48.2,2.78,2.11,2.26,0
2026-05-25,3,moteur_DE,54.4,2.18,1.81,2.64,0
2026-05-25,3,moteur_NDE,52.6,2.23,1.96,1.7,0
2026-05-25,3,pompe,54.2,2.32,2.46,2.58,0
2026-05-25,4,moteur_DE,57.1,1.79,2.55,2.22,0
2026-05-25,4,moteur_NDE,49.8,2.02,2.49,1.86,0
2026-05-25,4,pompe,49.9,2.29,2.62,2.98,0
2026-06-01,1,moteur_DE,52.8,2.19,1.67,1.76,0
2026-06-01,1,moteur_NDE,50.0,2.35,2.08,2.49,0
2026-06-01,1,pompe,47.8,2.75,2.68,3.07,0
2026-06-01,2,moteur_DE,54.6,2.22,2.62,2.63,0
2026-06-01,2,moteur_NDE,51.5,1.54,1.76,1.95,0
2026-06-01,2,pompe,51.0,2.65,2.85,2.49,0
2026-06-01,3,moteur_DE,55.6,2.18,1.5,2.45,0
2026-06-01,3,moteur_NDE,53.3,2.12,2.06,1.64,0
2026-06-01,3,pompe,50.2,2.72,2.46,2.76,0
2026-06-01,4,moteur_DE,56.6,2.19,2.31,2.33,0
2026-06-01,4,moteur_NDE,53.8,2.03,1.37,1.99,0
2026-06-01,4,pompe,50.0,2.4,3.09,2.18,0
2026-06-08,1,moteur_DE,53.8,2.86,2.26,2.58,0
2026-06-08,1,moteur_NDE,54.8,2.25,2.53,2.01,0
2026-06-08,1,pompe,51.5,2.36,2.36,2.94,0
2026-06-08,2,moteur_DE,54.0,3.02,2.4,2.25,0
2026-06-08,2,moteur_NDE,52.3,2.68,2.13,2.08,0
2026-06-08,2,pompe,49.9,2.31,3.48,2.33,0
2026-06-08,3,moteur_DE,55.9,2.4,2.02,1.95,0
2026-06-08,3,moteur_NDE,52.4,2.78,2.15,1.45,0
2026-06-08,3,pompe,53.3,2.95,2.97,2.86,0
2026-06-08,4,moteur_DE,54.2,2.15,2.6,1.64,0
2026-06-08,4,moteur_NDE,54.3,2.3,1.99,1.76,0
2026-06-08,4,pompe,51.1,2.41,2.87,2.42,0
2026-06-15,1,moteur_DE,55.4,2.04,2.6,2.37,0
2026-06-15,1,moteur_NDE,51.3,1.97,1.49,1.44,0
2026-06-15,1,pompe,47.1,2.25,2.17,2.5,0
2026-06-15,2,moteur_DE,53.7,2.39,1.68,2.22,0
2026-06-15,2,moteur_NDE,50.7,1.86,2.28,1.82,0
2026-06-15,2,pompe,47.9,2.6,2.74,2.96,0
2026-06-15,3,moteur_DE,54.1,2.22,2.43,2.72,0
2026-06-15,3,moteur_NDE,53.3,2.38,1.88,2.46,0
2026-06-15,3,pompe,47.7,2.56,2.92,2.93,0
2026-06-15,4,moteur_DE,56.0,2.16,2.72,2.02,0
2026-06-15,4,moteur_NDE,48.6,2.17,2.24,1.23,0
2026-06-15,4,pompe,48.2,2.89,2.48,2.84,0
2026-06-22,1,moteur_DE,54.6,1.97,2.06,1.98,0
2026-06-22,1,moteur_NDE,47.7,1.85,1.17,2.2,0
2026-06-22,1,pompe,49.6,2.62,2.28,2.63,0
2026-06-22,2,moteur_DE,56.0,1.71,2.58,2.11,0
2026-06-22,2,moteur_NDE,53.5,1.83,2.09,2.15,0
2026-06-22,2,pompe,48.2,2.43,2.27,2.76,0
2026-06-22,3,moteur_DE,53.3,2.53,2.29,1.72,0
2026-06-22,3,moteur_NDE,50.5,1.95,1.91,1.76,0
2026-06-22,3,pompe,49.3,2.42,2.44,2.69,0
2026-06-22,4,moteur_DE,55.2,2.22,1.96,1.82,0
2026-06-22,4,moteur_NDE,53.6,2.42,1.75,2.01,0
2026-06-22,4,pompe,51.1,2.62,3.15,3.12,0
2026-06-29,1,moteur_DE,60.6,1.72,5.33,2.25,1
2026-06-29,1,moteur_NDE,50.2,1.82,1.77,1.97,0
2026-06-29,1,pompe,50.2,2.82,2.66,2.55,0
2026-06-29,2,moteur_DE,56.8,1.89,1.4,1.93,0
2026-06-29,2,moteur_NDE,53.6,1.88,1.96,1.78,0
2026-06-29,2,pompe,49.1,3.08,2.23,2.16,0
2026-06-29,3,moteur_DE,56.4,2.53,2.59,1.99,0
2026-06-29,3,moteur_NDE,59.0,6.18,2.08,2.57,1
2026-06-29,3,pompe,50.4,2.63,2.94,3.02,0
2026-06-29,4,moteur_DE,53.4,1.51,1.6,2.17,0
2026-06-29,4,moteur_NDE,50.7,2.55,2.66,1.7,0
2026-06-29,4,pompe,49.3,3.09,2.7,2.4,0
2026-07-06,1,moteur_DE,55.8,2.51,2.49,2.84,0
2026-07-06,1,moteur_NDE,51.0,2.07,1.59,1.79,0
2026-07-06,1,pompe,50.9,2.98,2.45,2.74,0
2026-07-06,2,moteur_DE,57.9,2.45,2.37,2.82,0
2026-07-06,2,moteur_NDE,52.9,1.91,2.23,2.34,0
2026-07-06,2,pompe,50.3,2.77,2.56,2.67,0
2026-07-06,3,moteur_DE,54.0,2.23,2.4,2.27,0
2026-07-06,3,moteur_NDE,50.2,2.32,2.1,1.78,0
2026-07-06,3,pompe,54.0,5.97,2.83,2.89,1
2026-07-06,4,moteur_DE,55.4,1.94,1.63,2.18,0
2026-07-06,4,moteur_NDE,53.3,1.37,2.14,2.48,0
2026-07-06,4,pompe,51.6,2.86,2.38,3.01,0
2026-07-13,1,moteur_DE,55.1,2.35,2.27,2.06,0
2026-07-13,1,moteur_NDE,48.6,1.55,2.12,1.97,0
2026-07-13,1,pompe,53.2,2.62,2.88,2.24,0
2026-07-13,2,moteur_DE,55.1,1.7,1.96,2.39,0
2026-07-13,2,moteur_NDE,51.2,1.77,1.57,2.26,0
2026-07-13,2,pompe,54.5,2.32,7.87,2.67,1
2026-07-13,3,moteur_DE,54.9,1.82,2.09,1.89,0
2026-07-13,3,moteur_NDE,54.4,2.2,1.95,1.36,0
2026-07-13,3,pompe,49.1,2.98,2.75,2.52,0
2026-07-13,4,moteur_DE,53.5,2.39,2.04,2.57,0
2026-07-13,4,moteur_NDE,52.1,2.45,2.53,2.02,0
2026-07-13,4,pompe,52.6,2.55,2.67,2.85,0
2026-07-20,1,moteur_DE,52.9,2.26,2.71,2.32,0
2026-07-20,1,moteur_NDE,51.5,2.12,2.19,2.14,0
2026-07-20,1,pompe,50.0,2.28,2.26,2.45,0
2026-07-20,2,moteur_DE,53.4,1.8,1.96,2.36,0
2026-07-20,2,moteur_NDE,53.7,2.05,2.56,1.9,0
2026-07-20,2,pompe,46.7,2.5,2.98,2.25,0
2026-07-20,3,moteur_DE,50.2,2.16,2.02,2.52,0
2026-07-20,3,moteur_NDE,51.7,2.13,2.35,1.81,0
2026-07-20,3,pompe,48.2,2.36,2.75,3.21,0
2026-07-20,4,moteur_DE,53.3,1.88,2.63,2.1,0
2026-07-20,4,moteur_NDE,49.2,1.88,1.81,2.09,0
2026-07-20,4,pompe,51.4,2.39,2.96,2.67,0
2026-07-27,1,moteur_DE,54.8,1.8,2.68,2.38,0
2026-07-27,1,moteur_NDE,51.2,2.23,2.74,2.08,0
2026-07-27,1,pompe,50.3,2.91,2.19,2.43,0
2026-07-27,2,moteur_DE,56.8,2.59,2.09,2.39,0
2026-07-27,2,moteur_NDE,49.6,2.75,1.73,2.11,0
2026-07-27,2,pompe,47.6,2.45,2.33,2.25,0
2026-07-27,3,moteur_DE,56.3,2.01,2.86,2.1,0
2026-07-27,3,moteur_NDE,52.8,1.95,2.33,1.79,0
2026-07-27,3,pompe,50.2,2.89,2.58,2.66,0
2026-07-27,4,moteur_DE,53.3,2.43,2.87,2.28,0
2026-07-27,4,moteur_NDE,50.7,2.01,1.84,2.24,0
2026-07-27,4,pompe,53.1,2.83,2.57,3.14,0
2026-08-03,1,moteur_DE,53.8,2.43,1.69,2.3,0
2026-08-03,1,moteur_NDE,51.3,1.92,1.83,2.45,0
2026-08-03,1,pompe,48.7,2.24,2.69,2.43,0
2026-08-03,2,moteur_DE,56.5,1.96,1.78,1.76,0
2026-08-03,2,moteur_NDE,52.7,1.75,1.92,2.11,0
2026-08-03,2,pompe,50.1,2.26,1.64,2.54,0
2026-08-03,3,moteur_DE,55.5,1.76,2.31,1.89,0
2026-08-03,3,moteur_NDE,51.3,1.85,1.89,2.24,0
2026-08-03,3,pompe,49.1,2.84,2.58,2.46,0
2026-08-03,4,moteur_DE,55.0,2.29,2.03,2.44,0
2026-08-03,4,moteur_NDE,51.1,2.24,1.67,2.37,0
2026-08-03,4,pompe,52.5,2.47,2.51,2.57,0
2026-08-10,1,moteur_DE,55.8,2.18,2.21,2.22,0
2026-08-10,1,moteur_NDE,49.5,1.39,2.61,1.65,0
2026-08-10,1,pompe,50.8,2.26,2.57,2.52,0
2026-08-10,2,moteur_DE,55.3,2.69,2.48,2.15,0
2026-08-10,2,moteur_NDE,52.3,1.87,1.95,1.7,0
2026-08-10,2,pompe,48.8,2.42,2.32,2.49,0
2026-08-10,3,moteur_DE,54.2,2.23,2.27,1.95,0
2026-08-10,3,moteur_NDE,52.3,1.91,2.0,1.95,0
2026-08-10,3,pompe,49.7,2.31,3.15,2.89,0
2026-08-10,4,moteur_DE,56.1,1.88,2.51,2.01,0
2026-08-10,4,moteur_NDE,50.4,1.76,1.98,1.54,0
2026-08-10,4,pompe,49.6,3.07,2.16,2.89,0
2026-08-17,1,moteur_DE,57.2,2.14,1.74,1.77,0
2026-08-17,1,moteur_NDE,52.4,2.26,2.6,2.64,0
2026-08-17,1,pompe,47.9,2.56,2.23,2.68,0
2026-08-17,2,moteur_DE,51.5,2.25,1.84,2.44,0
2026-08-17,2,moteur_NDE,51.7,1.81,1.88,1.91,0
2026-08-17,2,pompe,51.3,2.48,2.87,2.36,0
2026-08-17,3,moteur_DE,54.1,2.05,2.07,2.61,0
2026-08-17,3,moteur_NDE,50.3,2.29,1.86,1.87,0
2026-08-17,3,pompe,48.1,2.8,3.04,2.8,0
2026-08-17,4,moteur_DE,53.3,1.9,2.09,2.48,0
2026-08-17,4,moteur_NDE,54.4,1.64,2.25,2.12,0
2026-08-17,4,pompe,49.8,2.73,2.91,2.48,0
2026-08-24,1,moteur_DE,56.2,1.65,2.46,2.42,0
2026-08-24,1,moteur_NDE,51.6,1.82,2.5,1.95,0
2026-08-24,1,pompe,48.4,2.63,2.91,2.81,0
2026-08-24,2,moteur_DE,55.4,2.16,1.78,2.42,0
2026-08-24,2,moteur_NDE,52.2,2.05,1.86,2.57,0
2026-08-24,2,pompe,51.3,2.57,2.24,2.84,0
2026-08-24,3,moteur_DE,54.1,1.62,2.1,2.35,0
2026-08-24,3,moteur_NDE,50.0,2.08,1.74,1.59,0
2026-08-24,3,pompe,48.0,3.02,2.5,2.15,0
2026-08-24,4,moteur_DE,54.6,2.05,2.19,2.24,0
2026-08-24,4,moteur_NDE,51.3,1.79,2.07,1.77,0
2026-08-24,4,pompe,55.6,2.5,7.02,2.99,1
2026-08-31,1,moteur_DE,52.0,1.79,2.07,2.24,0
2026-08-31,1,moteur_NDE,52.2,1.62,2.27,2.14,0
2026-08-31,1,pompe,47.6,2.31,2.56,2.14,0
2026-08-31,2,moteur_DE,57.7,2.09,2.53,2.18,0
2026-08-31,2,moteur_NDE,52.0,2.11,2.07,1.55,0
2026-08-31,2,pompe,52.8,1.88,2.58,2.28,0
2026-08-31,3,moteur_DE,54.0,1.51,1.7,1.67,0
2026-08-31,3,moteur_NDE,52.5,2.33,1.76,2.37,0
2026-08-31,3,pompe,48.6,3.01,2.81,2.73,0
2026-08-31,4,moteur_DE,56.0,2.13,2.38,1.61,0
2026-08-31,4,moteur_NDE,52.7,2.03,1.97,1.81,0
2026-08-31,4,pompe,51.6,2.61,2.39,2.82,0
